starter,situstion,drive,sa,name,damage,type,position
立ち小P,ノーマル,0,0,立小PTC→大フラ,1780,0,0
立ち小P,カウンター,0,0,立小PTC→大フラ,1840,0,0
立ち小P,パニッシュ,0,0,立小PTC→大フラ,1840,0,0
立ち小P,ノーマル,0,1,立ち小PTC→SA1,2380,0,0
立ち小P,カウンター,0,1,立ち小PTC→SA1,2440,0,0
立ち小P,パニッシュ,0,1,立ち小PTC→SA1,2440,0,0
立ち小P,ノーマル,0,2,立ち小PTC→SA2,2860,0,0
立ち小P,カウンター,0,2,立ち小PTC→SA2,2920,0,0
立ち小P,パニッシュ,0,2,立ち小PTC→SA2,2920,0,0
立ち小P,ノーマル,0,3,立小PTC→大フラ→SA3,3780,0,0
立ち小P,カウンター,0,3,立小PTC→大フラ→SA3,3840,0,0
立ち小P,パニッシュ,0,3,立小PTC→大フラ→SA3,3840,0,0
立ち小P,ノーマル,0,CA,立小PTC→大フラ→SA3,4030,0,0
立ち小P,カウンター,0,CA,立小PTC→大フラ→SA3,4090,0,0
立ち小P,パニッシュ,0,CA,立小PTC→大フラ→SA3,4090,0,0
立ち小P,ノーマル,1,0,立小PTC→CR下大P→弱ジャスト→大フラ,2122,0,1
立ち小P,ノーマル,1,0,立小PTC→CR立ち大P→弱ジャスト→中弾→大昇竜,2304,0,2
立ち小P,カウンター,1,0,立小PTC→CR下大P→弱ジャスト→大フラ,2182,0,0
立ち小P,パニッシュ,1,0,立小P→下中P→CR下中Ｐ→下大Ｐ→中ジャスト→弱ジャスト→大フラ,2385,0,1
立ち小P,パニッシュ,1,0,立小P→下中P→CR下中Ｐ→下大Ｐ→弱ジャスト→中弾→大昇竜,2196,0,2
立ち小P,ノーマル,1,1,立小PTC→CR下大P→弱ジャスト→SA1,2512,0,1
立ち小P,ノーマル,1,1,立小PTC→CR立大P→弱ジャスト→弱フラ→SA1,2725,0,2
立ち小P,カウンター,1,1,立小PTC→CR下大P→弱ジャスト→SA1,2572,0,1
立ち小P,カウンター,1,1,立小PTC→CR立大P→弱ジャスト→弱フラ→SA1,2785,0,2
立ち小P,パニッシュ,1,1,立小P→下中P→CR下中Ｐ→下大Ｐ→中ジャスト→弱ジャスト→SA1,2865,0,1
立ち小P,パニッシュ,1,1,立小PTC→CR立大P→弱ジャスト→弱フラ→SA1,2785,0,2
立ち小P,ノーマル,1,2,立小PTC→CR下大P→弱ジャスト→微歩きSA2,3032,0,1
立ち小P,ノーマル,1,2,立小PTC→CR立大P→弱ジャスト→弱フラ→SA2,3245,0,2
立ち小P,カウンター,1,2,立小PTC→CR下大P→弱ジャスト→微歩きSA2,3092,0,1
立ち小P,カウンター,1,2,立小PTC→CR立大P→弱ジャスト→弱フラ→SA2,3305,0,2
立ち小P,パニッシュ,1,2,立小P→下中P→CR下中Ｐ→下大Ｐ→中ジャスト→SA2,3140,0,1
立ち小P,パニッシュ,1,2,立小PTC→CR立大P→弱ジャスト→弱フラ→SA2,3305,0,2
立ち小P,ノーマル,1,3,立ち小PTC→ODナックル→大フラ→SA3,4160,0,1
立ち小P,ノーマル,1,3,立ち小PTC→CR立大P→弱ジャスト→弱フラ→SA3,4200,0,2
立ち小P,カウンター,1,3,立ち小PTC→ODナックル→大フラ→SA3,4220,0,1
立ち小P,カウンター,1,3,立ち小PTC→CR立大P→弱ジャスト→弱フラ→SA3,4260,0,2
立ち小P,パニッシュ,1,3,立小P→下中P→CR下中Ｐ→下大Ｐ→中ジャスト→弱ジャスト→大フラ→SA3,4385,0,1
立ち小P,パニッシュ,1,3,立小PTC→CR立大P→弱ジャスト→大フラ→SA3,4260,0,2
立ち小P,ノーマル,1,CA,立ち小PTC→ODナックル→大フラ→SA3,4410,0,1
立ち小P,ノーマル,1,CA,立ち小PTC→CR立大P→弱ジャスト→弱フラ→SA3,4450,0,2
立ち小P,カウンター,1,CA,立ち小PTC→ODナックル→大フラ→SA3,4470,0,1
立ち小P,カウンター,1,CA,立ち小PTC→CR立大P→弱ジャスト→弱フラ→SA3,4510,0,2
立ち小P,パニッシュ,1,CA,立小P→下中P→CR下中Ｐ→下大Ｐ→中ジャスト→弱ジャスト→大フラ→SA3,4635,0,1
立ち小P,パニッシュ,1,CA,立小PTC→CR立大P→弱ジャスト→大フラ→SA3,4510,0,2
立ち小P,ノーマル,2,0,立小PTC→CR下大P→弱ジャスト→大フラ,2122,0,1
立ち小P,ノーマル,2,0,立小PTC→CR立ち大P→弱ジャスト→中弾→大昇竜,2304,0,2
立ち小P,カウンター,2,0,立小PTC→CR下大P→弱ジャスト→大フラ,2182,0,0
立ち小P,パニッシュ,2,0,立小P→下中P→CR下中Ｐ→下大Ｐ→中ジャスト→弱ジャスト→大フラ,2385,0,1
立ち小P,パニッシュ,2,0,立小P→下中P→CR下中Ｐ→下大Ｐ→弱ジャスト→中弾→大昇竜,2196,0,2
立ち小P,ノーマル,2,1,立小PTC→CR下大P→弱ジャスト→SA1,2512,0,1
立ち小P,ノーマル,2,1,立小PTC→CR立大P→弱ジャスト→弱フラ→SA1,2725,0,2
立ち小P,カウンター,2,1,立小PTC→CR下大P→弱ジャスト→SA1,2572,0,1
立ち小P,カウンター,2,1,立小PTC→CR立大P→弱ジャスト→弱フラ→SA1,2785,0,2
立ち小P,パニッシュ,2,1,立小P→下中P→CR下中Ｐ→下大Ｐ→中ジャスト→弱ジャスト→SA1,2865,0,1
立ち小P,パニッシュ,2,1,立小PTC→CR立大P→弱ジャスト→弱フラ→SA1,2785,0,2
立ち小P,ノーマル,2,2,立小PTC→CR下大P→弱ジャスト→微歩きSA2,3032,0,1
立ち小P,ノーマル,2,2,立小PTC→CR立大P→弱ジャスト→弱フラ→SA2,3245,0,2
立ち小P,カウンター,2,2,立小PTC→CR下大P→弱ジャスト→微歩きSA2,3092,0,1
立ち小P,カウンター,2,2,立小PTC→CR立大P→弱ジャスト→弱フラ→SA2,3305,0,2
立ち小P,パニッシュ,2,2,立小P→下中P→CR下中Ｐ→下大Ｐ→中ジャスト→SA2,3140,0,1
立ち小P,パニッシュ,2,2,立小PTC→CR立大P→弱ジャスト→弱フラ→SA2,3305,0,2
立ち小P,ノーマル,2,3,立ち小PTC→ODナックル→大フラ→SA3,4160,0,1
立ち小P,ノーマル,2,3,立ち小PTC→CR立大P→弱ジャスト→弱フラ→SA3,4200,0,2
立ち小P,カウンター,2,3,立ち小PTC→ODナックル→大フラ→SA3,4220,0,1
立ち小P,カウンター,2,3,立ち小PTC→CR立大P→弱ジャスト→弱フラ→SA3,4260,0,2
立ち小P,パニッシュ,2,3,立小P→下中P→CR下中Ｐ→下大Ｐ→中ジャスト→弱ジャスト→大フラ→SA3,4385,0,1
立ち小P,パニッシュ,2,3,立小PTC→CR立大P→弱ジャスト→大フラ→SA3,4260,0,2
立ち小P,ノーマル,2,CA,立ち小PTC→ODナックル→大フラ→SA3,4410,0,1
立ち小P,ノーマル,2,CA,立ち小PTC→CR立大P→弱ジャスト→弱フラ→SA3,4450,0,2
立ち小P,カウンター,2,CA,立ち小PTC→ODナックル→大フラ→SA3,4470,0,1
立ち小P,カウンター,2,CA,立ち小PTC→CR立大P→弱ジャスト→弱フラ→SA3,4510,0,2
立ち小P,パニッシュ,2,CA,立小P→下中P→CR下中Ｐ→下大Ｐ→中ジャスト→弱ジャスト→大フラ→SA3,4635,0,1
立ち小P,パニッシュ,2,CA,立小PTC→CR立大P→弱ジャスト→大フラ→SA3,4510,0,2
立ち小P,ノーマル,3,0,立ち小PTC→ODナックル→OD昇竜,2360,0,0
立ち小P,カウンター,3,0,立ち小PTC→ODナックル→OD昇竜,2420,0,0
立ち小P,パニッシュ,3,0,立ち小P→下中P→DDT,2620,0,0
立ち小P,ノーマル,3,1,立小PTC→CR下大P→弱ジャスト→SA1,2512,0,1
立ち小P,ノーマル,3,1,立小PTC→CR立大P→弱ジャスト→弱フラ→SA1,2725,0,2
立ち小P,カウンター,3,1,立小PTC→CR下大P→弱ジャスト→SA1,2572,0,1
立ち小P,カウンター,3,1,立小PTC→CR立大P→弱ジャスト→弱フラ→SA1,2785,0,2
立ち小P,パニッシュ,3,1,立小P→下中P→CR下中Ｐ→下大Ｐ→中ジャスト→弱ジャスト→SA1,2865,0,1
立ち小P,パニッシュ,3,1,立小PTC→CR立大P→弱ジャスト→弱フラ→SA1,2785,0,2
立ち小P,ノーマル,3,2,立小PTC→ODナックル→ODノーチェイサー→SA2,3430,1,0
立ち小P,ノーマル,3,2,立小PTC→ODナックル→ODノーチェイサー→SA2,3300,2,0
立ち小P,カウンター,3,2,立小PTC→ODナックル→ODノーチェイサー→SA2,3490,1,0
立ち小P,カウンター,3,2,立小PTC→ODナックル→ODノーチェイサー→SA2,3360,2,0
立ち小P,パニッシュ,3,2,立小PTC→ODナックル→ODノーチェイサー→SA2,3490,1,0
立ち小P,パニッシュ,3,2,立小PTC→ODナックル→ODノーチェイサー→SA2,3360,2,0
立ち小P,ノーマル,3,3,立小PTC→ODナックル→ODノーチェイサー→SA3,4310,1,0
立ち小P,ノーマル,3,3,立小PTC→ODナックル→ODノーチェイサー→SA3,4180,2,0
立ち小P,カウンター,3,3,立小PTC→ODナックル→ODノーチェイサー→SA3,4370,1,0
立ち小P,カウンター,3,3,立小PTC→ODナックル→ODノーチェイサー→SA3,4240,2,0
立ち小P,パニッシュ,3,3,立小P→下中P→CR下中Ｐ→下大Ｐ→中ジャスト→弱ジャスト→大フラ→SA3,4385,0,1
立ち小P,パニッシュ,3,3,立小PTC→ODナックル→ODノーチェイサー→SA3,4370,1,2
立ち小P,パニッシュ,3,3,立小PTC→CR立大P→弱ジャスト→大フラ→SA3,4260,2,2
立ち小P,ノーマル,3,CA,立小PTC→ODナックル→ODノーチェイサー→SA3,4560,1,0
立ち小P,ノーマル,3,CA,立小PTC→ODナックル→ODノーチェイサー→SA3,4430,2,0
立ち小P,カウンター,3,CA,立小PTC→ODナックル→ODノーチェイサー→SA3,4620,1,0
立ち小P,カウンター,3,CA,立小PTC→ODナックル→ODノーチェイサー→SA3,4490,2,0
立ち小P,パニッシュ,3,CA,立小P→下中P→CR下中Ｐ→下大Ｐ→中ジャスト→弱ジャスト→大フラ→SA3,4635,0,1
立ち小P,パニッシュ,3,CA,立小PTC→ODナックル→ODノーチェイサー→SA3,4620,1,2
立ち小P,パニッシュ,3,CA,立小PTC→CR立大P→弱ジャスト→大フラ→SA3,4260,2,2
立ち小P,ノーマル,4,0,立ち小PTC→ODナックル→OD昇竜,2360,0,0
立ち小P,カウンター,4,0,立ち小PTC→ODナックル→OD昇竜,2420,0,0
立ち小P,パニッシュ,4,0,立ち小P→下中P→DDT,2620,0,0
立ち小P,ノーマル,4,1,立ち小PTC→CR立ち大P→CR引き大P→弱ジャスト→SA1,2812,0,1
立ち小P,ノーマル,4,1,立ち小PTC→CR立ち大P→CR引き大P→弱ジャスト→J中P→エアフラ→SA1,2987,0,2
立ち小P,カウンター,4,1,立ち小PTC→CR立ち大P→CR引き大P→弱ジャスト→SA1,2872,0,1
立ち小P,カウンター,4,1,立ち小PTC→CR立ち大P→CR引き大P→弱ジャスト→J中P→エアフラ→SA1,3047,0,2
立ち小P,パニッシュ,4,1,立ち小P→立ち中P→CR立ち中P→下大P→CR引き大P→下大P→中ジャスト→弱ジャスト→SA1,2996,0,1
立ち小P,パニッシュ,4,1,立ち小PTC→CR立ち大P→CR引き大P→弱ジャスト→J中P→エアフラ→SA1,3047,0,2
立ち小P,ノーマル,4,2,立小PTC→ODナックル→ODノーチェイサー→SA2,3430,1,1
立ち小P,ノーマル,4,2,立小PTC→ODナックル→ODノーチェイサー→SA2,3300,2,1
立ち小P,ノーマル,4,2,立ち小PTC→CR立ち大P→CR引き大P→弱ジャスト→J中P→エアフラ→→SA2,3507,0,2
立ち小P,カウンター,4,2,立小PTC→ODナックル→ODノーチェイサー→SA2,3500,1,1
立ち小P,カウンター,4,2,立小PTC→ODナックル→ODノーチェイサー→SA2,3370,2,1
立ち小P,カウンター,4,2,立ち小PTC→CR立ち大P→CR引き大P→弱ジャスト→J中P→エアフラ→→SA2,3567,0,2
立ち小P,パニッシュ,4,2,立小PTC→ODナックル→ODノーチェイサー→SA2,3500,1,1
立ち小P,パニッシュ,4,2,立小PTC→ODナックル→ODノーチェイサー→SA2,3370,2,1
立ち小P,パニッシュ,4,2,立ち小PTC→CR立ち大P→CR引き大P→弱ジャスト→J中P→エアフラ→→SA2,3567,0,2
立ち小P,ノーマル,4,3,立ち小PTC→CR立ち大P→CR引き大P→弱ジャスト→大フラ→SA3,4384,0,1
立ち小P,ノーマル,4,3,立ち小PTC→CR立ち大P→CR立ち大P→大ジャスト→SA3,4468,0,2
立ち小P,カウンター,4,3,立ち小PTC→CR立ち大P→ODナックル→大フラ→SA3,4444,0,1
立ち小P,カウンター,4,3,立ち小PTC→CR立ち大P→CR立ち大P→大ジャスト→SA3,4528,0,2
立ち小P,パニッシュ,4,3,立ち小P→下中P→CR下中P→下大P→中ジャスト→DR→立ち大P→大ジャスト→SA3,4588,0,1
立ち小P,パニッシュ,4,3,立ち小PTC→CR立ち大P→CR立ち大P→大ジャスト→SA3,4528,0,2
立ち小P,ノーマル,4,CA,立ち小PTC→CR立ち大P→ODナックル→大フラ→SA3,4487,0,1
立ち小P,ノーマル,4,CA,立ち小PTC→CR立ち大P→CR立ち大P→大ジャスト→SA3,4718,0,2
立ち小P,カウンター,4,CA,立ち小PTC→CR立ち大P→ODナックル→大フラ→SA3,4577,0,1
立ち小P,カウンター,4,CA,立ち小PTC→CR立ち大P→CR立ち大P→大ジャスト→SA3,4778,0,2
立ち小P,パニッシュ,4,CA,立ち小P→下中P→CR下中P→下大P→中ジャスト→DR→立ち大P→大ジャスト→SA3,4838,0,1
立ち小P,パニッシュ,4,CA,立ち小PTC→CR立ち大P→CR立ち大P→大ジャスト→SA3,4778,0,2
立ち小P,ノーマル,5,0,立ち小PTC→CR立ち大P→CR引き大P→弱ジャスト→大フラ,2382,0,1
立ち小P,ノーマル,5,0,立ち小PTC→CR立ち大P→CR立ち大P→大ジャスト,2468,0,2
立ち小P,カウンター,5,0,立ち小PTC→CR立ち大P→CR引き大P→弱ジャスト→大フラ,2442,0,1
立ち小P,カウンター,5,0,立ち小PTC→CR立ち大P→CR立ち大P→大ジャスト,2528,0,2
立ち小P,パニッシュ,5,0,立ち小P→下中P→DDT,2620,0,0
立ち小P,ノーマル,5,1,立ち小PTC→CR立ち大P→CR引き大P→弱ジャスト→SA1,2812,0,1
立ち小P,ノーマル,5,1,立ち小PTC→CR立ち大P→CR引き大P→弱ジャスト→J中P→エアフラ→SA1,2987,0,2
立ち小P,カウンター,5,1,立ち小PTC→CR立ち大P→CR引き大P→弱ジャスト→SA1,2872,0,1
立ち小P,カウンター,5,1,立ち小PTC→CR立ち大P→CR引き大P→弱ジャスト→J中P→エアフラ→SA1,3047,0,2
立ち小P,パニッシュ,5,1,立ち小P→下中P→CR下中P→下大P→中ジャスト→DR→立ち大P→CR引き大P→弱ジャスト→SA1,3120,0,1
立ち小P,パニッシュ,5,1,立ち小PTC→CR立ち大P→CR引き大P→弱ジャスト→J中P→エアフラ→SA1,3047,0,2
立ち小P,ノーマル,5,2,立小PTC→ODナックル→ODノーチェイサー→SA2,3430,1,1
立ち小P,ノーマル,5,2,立小PTC→ODナックル→ODノーチェイサー→SA2,3300,2,1
立ち小P,ノーマル,5,2,立ち小PTC→CR立ち大P→CR引き大P→弱ジャスト→J中P→エアフラ→→SA2,3507,0,2
立ち小P,カウンター,5,2,立小PTC→ODナックル→ODノーチェイサー→SA2,3500,1,1
立ち小P,カウンター,5,2,立小PTC→ODナックル→ODノーチェイサー→SA2,3370,2,1
立ち小P,カウンター,5,2,立ち小PTC→CR立ち大P→CR引き大P→弱ジャスト→J中P→エアフラ→→SA2,3567,0,2
立ち小P,パニッシュ,5,2,立ち小P→下中P→CR下中P→下大P→中ジャスト→DR→立ち大P→ODチェイサー→SA2,3593,0,1
立ち小P,パニッシュ,5,2,立ち小PTC→CR立ち大P→CR引き大P→弱ジャスト→J中P→エアフラ→→SA2,3567,1,2
立ち小P,ノーマル,5,3,立ち小PTC→CR立ち大P→CR引き大P→弱ジャスト→大フラ→SA3,4384,0,1
立ち小P,ノーマル,5,3,立ち小PTC→CR立ち大P→CR立ち大P→大ジャスト→SA3,4468,0,2
立ち小P,カウンター,5,3,立ち小PTC→CR立ち大P→CR引き大P→弱ジャスト→大フラ→SA3,4444,0,1
立ち小P,カウンター,5,3,立ち小PTC→CR立ち大P→CR立ち大P→大ジャスト→SA3,4528,0,2
立ち小P,パニッシュ,5,3,立ち小P→下中P→CR下中P→下大P→中ジャスト→DR→立ち大P→CR引き大P→弱ジャスト→大フラ→SA3,4600,0,1
立ち小P,パニッシュ,5,3,立ち小PTC→CR立ち大P→CR立ち大P→大ジャスト→SA3,4528,0,2
立ち小P,ノーマル,5,CA,立ち小PTC→CR立ち大P→CR引き大P→弱ジャスト→大フラ→SA3,4634,0,1
立ち小P,ノーマル,5,CA,立ち小PTC→CR立ち大P→CR立ち大P→大ジャスト→SA3,4718,0,2
立ち小P,カウンター,5,CA,立ち小PTC→CR立ち大P→CR引き大P→弱ジャスト→大フラ→SA3,4694,0,1
立ち小P,カウンター,5,CA,立ち小PTC→CR立ち大P→CR立ち大P→大ジャスト→SA3,4778,0,2
立ち小P,パニッシュ,5,CA,立ち小P→下中P→CR下中P→下大P→中ジャスト→DR→立ち大P→CR引き大P→弱ジャスト→大フラ→CA,4850,0,1
立ち小P,パニッシュ,5,CA,立ち小PTC→CR立ち大P→CR立ち大P→大ジャスト→SA3,4778,0,2
立ち小P,ノーマル,6,0,立ち小PTC→CR立ち大P→ODナックル→OD昇竜,2400,0,1
立ち小P,ノーマル,6,0,立ち小PTC→ODナックル→ODサンブラ(派生)→OD昇竜,2640,0,2
立ち小P,カウンター,6,0,立ち小PTC→CR立ち大P→ODナックル→OD昇竜,2460,0,1
立ち小P,カウンター,6,0,立ち小PTC→ODナックル→ODサンブラ(派生)→OD昇竜,2700,0,2
立ち小P,パニッシュ,6,0,立ち小P→下中P→CR下中P→下大P→中ジャスト→ODナックル→DDT,2661,0,1
立ち小P,パニッシュ,6,0,立ち小PTC→ODナックル→ODサンブラ(派生)→OD昇竜,2700,0,2
立ち小P,ノーマル,6,1,立ち小PTC→CR立ち大P→CR引き大P→弱ジャスト→SA1,2812,0,1
立ち小P,ノーマル,6,1,立ち小PTC→CR立ち大P→CR引き大P→弱ジャスト→J中P→エアフラ→SA1,2987,0,2
立ち小P,カウンター,6,1,立ち小PTC→CR立ち大P→CR引き大P→弱ジャスト→SA1,2872,0,1
立ち小P,カウンター,6,1,立ち小PTC→CR立ち大P→CR引き大P→弱ジャスト→J中P→エアフラ→SA1,3047,0,2
立ち小P,パニッシュ,6,1,立ち小P→下中P→CR下中P→下大P→中ジャスト→DR→立ち大P→CR引き大P→弱ジャスト→SA1,3120,0,1
立ち小P,パニッシュ,6,1,立ち小PTC→CR立ち大P→CR引き大P→弱ジャスト→J中P→エアフラ→SA1,3047,0,2
立ち小P,ノーマル,6,2,立ち小PTC→CR立ち大P→ODナックル→ODチェイサー→SA2,3395,1,1
立ち小P,ノーマル,6,2,立ち小PTC→CR立ち大P→CR引き大P→弱ジャスト→J中P→エアフラ→→SA2,3507,0,2
立ち小P,カウンター,6,2,立ち小PTC→CR立ち大P→ODナックル→ODチェイサー→SA2,3455,0,1
立ち小P,カウンター,6,2,立ち小PTC→CR立ち大P→CR引き大P→弱ジャスト→J中P→エアフラ→SA2,3567,0,2
立ち小P,パニッシュ,6,2,立ち小P→下中P→CR下中P→下大P→中ジャスト→DR→立ち大P→ODチェイサー→SA2,3593,0,1
立ち小P,パニッシュ,6,2,立ち小PTC→CR立ち大P→CR引き大P→弱ジャスト→J中P→エアフラ→SA2,3567,0,2
立ち小P,ノーマル,6,3,立ち小PTC→CR立ち大P→CR引き大P→弱ジャスト→大フラ→SA3,4384,0,1
立ち小P,ノーマル,6,3,立ち小PTC→CR立ち大P→CR立ち大P→大ジャスト→SA3,4468,0,2
立ち小P,カウンター,6,3,立ち小PTC→CR立ち大P→CR引き大P→弱ジャスト→大フラ→SA3,4444,0,1
立ち小P,カウンター,6,3,立ち小PTC→CR立ち大P→CR立ち大P→大ジャスト→SA3,4528,0,2
立ち小P,パニッシュ,6,3,立ち小P→下中P→CR下中P→下大P→中ジャスト→DR→立ち大P→CR引き大P→弱ジャスト→大フラ→SA3,4600,0,1
立ち小P,パニッシュ,6,3,立ち小PTC→CR立ち大P→CR立ち大P→大ジャスト→SA3,4528,0,2
立ち小P,ノーマル,6,CA,立ち小PTC→CR立ち大P→CR引き大P→弱ジャスト→大フラ→CA,4634,0,1
立ち小P,ノーマル,6,CA,立ち小PTC→CR立ち大P→CR立ち大P→大ジャスト→CA,4718,0,2
立ち小P,カウンター,6,CA,立ち小PTC→CR立ち大P→CR引き大P→弱ジャスト→大フラ→CA,4694,0,1
立ち小P,カウンター,6,CA,立ち小PTC→CR立ち大P→CR立ち大P→大ジャスト→CA,4778,0,2
立ち小P,パニッシュ,6,CA,立ち小P→下中P→CR下中P→下大P→中ジャスト→DR→立ち大P→CR引き大P→弱ジャスト→大フラ→CA,4850,0,1
立ち小P,パニッシュ,6,CA,立ち小PTC→CR立ち大P→CR立ち大P→大ジャスト→CA,4778,0,2
,,,,,,,
下中P,ノーマル,0,0,下中P→大昇竜,1600,0,0
下中P,カウンター,0,0,下中P→下大P→→中ジャスト→弱ジャスト→大フラ,3090,0,1
下中P,カウンター,0,0,下中P→下大P→弱ジャスト→中弾→大昇竜,2790,0,2
下中P,パニッシュ,0,0,下中P→下大P→→中ジャスト→弱ジャスト→大フラ,3090,0,1
下中P,パニッシュ,0,0,下中P→下大P→弱ジャスト→中弾→大昇竜,2790,0,2
下中P,ノーマル,0,1,下中P→SA1,2300,0,0
下中P,カウンター,0,1,下中P→下大P→→中ジャスト→弱ジャスト→SA1,3490,0,1
下中P,カウンター,0,1,下中P→下大P,3370,0,2
下中P,パニッシュ,0,1,下中P→下大P→→中ジャスト→弱ジャスト→SA1,3490,0,1
下中P,パニッシュ,0,1,下中P→下大P→弱ジャスト→J中P→エアフラ→SA1,3240,0,2
下中P,ノーマル,0,2,下中P→SA2→中ジャスト→SA1,2980,0,0
下中P,カウンター,0,2,下中P→下大P→弱ジャスト→前ステSA2,3850,0,1
下中P,カウンター,0,2,下中P→下大P→中ジャスト→SA2,3850,0,2
下中P,パニッシュ,0,2,下中P→下大P→弱ジャスト→前ステSA2,3850,0,1
下中P,パニッシュ,0,2,下中P→下大P→中ジャスト→SA2,3850,0,2
下中P,ノーマル,0,3,下中P→SA3,4000,0,0
下中P,カウンター,0,3,下中P→下大P→中ジャスト→弱ジャスト→大フラ→SA3,5090,0,1
下中P,カウンター,0,3,下中P→下大P→弱ジャスト→J中P→エアフラ→SA3,4640,0,2
下中P,パニッシュ,0,3,下中P→下大P→中ジャスト→弱ジャスト→大フラ→SA3,5090,0,1
下中P,パニッシュ,0,3,下中P→下大P→弱ジャスト→J中P→エアフラ→SA3,4640,0,2
下中P,ノーマル,0,CA,下中P→SA3,4250,0,0
下中P,カウンター,0,CA,下中P→下大P→中ジャスト→弱ジャスト→大フラ→SA3,5340,0,1
下中P,カウンター,0,CA,下中P→下大P→弱ジャスト→J中P→エアフラ→SA3,4890,0,2
下中P,パニッシュ,0,CA,下中P→下大P→中ジャスト→弱ジャスト→大フラ→SA3,5340,0,1
下中P,パニッシュ,0,CA,下中P→下大P→弱ジャスト→J中P→エアフラ→SA3,4890,0,2
下中P,ノーマル,1,0,下中P→CR→下中P→下大P→中ジャスト→弱ジャスト→大フラ,2708,0,1
下中P,ノーマル,1,0,下中P→CR→下中P→下大P→弱ジャスト→中弾→大昇竜,2481,0,2
下中P,カウンター,1,0,下中P→→下大P→中ジャスト→DR→立ち大P→大ジャスト,3250,0,1
下中P,カウンター,1,0,下中P→下大P→CR引き大P→下大P→弱ジャスト→中弾→大昇竜,2874,0,2
下中P,パニッシュ,1,0,下中P→→下大P→中ジャスト→DR→立ち大P→大ジャスト,3250,0,1
下中P,パニッシュ,1,0,下中P→下大P→CR引き大P→下大P→弱ジャスト→中弾→大昇竜,2874,0,2
下中P,ノーマル,1,1,下中P→CR下中P→下大P→中ジャスト→弱ジャスト→SA1,3058,0,1
下中P,ノーマル,1,1,下中P→CR下中P→下大P→弱ジャスト→J中P→エアフラ→SA1,2990,0,2
下中P,カウンター,1,1,下中P→下大P→→CR引き大P→下大P→中ジャスト→弱ジャスト→SA1,3543,0,1
下中P,カウンター,1,1,下中P→下大P→CR引き大P→下大P→弱ジャスト→J中P→エアフラ→SA1,3435,0,2
下中P,パニッシュ,1,1,下中P→下大P→→CR引き大P→下大P→中ジャスト→弱ジャスト→SA1,3543,0,1
下中P,パニッシュ,1,1,下中P→下大P→CR引き大P→下大P→弱ジャスト→J中P→エアフラ→SA1,3435,0,2
下中P,ノーマル,1,2,下中P→CR→下中P→下大P→中ジャスト→弱ジャスト→前ステSA2,3272,0,1
下中P,ノーマル,1,2,下中P→CR下中P→下大P→弱ジャスト→J中P→エアフラ→SA2,3510,0,2
下中P,カウンター,1,2,下中P→下大P→中ジャスト→弱ジャスト→ODチェイサー→SA2,4226,0,1
下中P,カウンター,1,2,下中P→下大P→CR引き大P→下大P→弱ジャスト→J中P→エアフラ→SA2,3955,0,2
下中P,パニッシュ,1,2,下中P→下大P→中ジャスト→弱ジャスト→ODチェイサー→SA2,4226,0,1
下中P,パニッシュ,1,2,下中P→下大P→CR引き大P→下大P→弱ジャスト→J中P→エアフラ→SA2,3955,0,2
下中P,ノーマル,1,3,下中P→CR下中P→下大P→中ジャスト→弱ジャスト→大フラ→SA3,4708,0,1
下中P,ノーマル,1,3,下中P→CR下中P→下大P→弱ジャスト→J中P→エアフラ→SA3,4390,0,2
下中P,カウンター,1,3,下中P→下大P→中ジャスト→DR→立ち大P→大ジャスト→SA3,5250,0,1
下中P,カウンター,1,3,下中P→下大P→CR引き大P→下大P→弱ジャスト→J中P→エアフラ→SA3,4835,0,2
下中P,パニッシュ,1,3,下中P→下大P→中ジャスト→DR→立ち大P→大ジャスト→SA3,5250,0,1
下中P,パニッシュ,1,3,下中P→下大P→CR引き大P→下大P→弱ジャスト→J中P→エアフラ→SA3,4835,0,2
下中P,ノーマル,1,CA,下中P→CR下中P→下大P→中ジャスト→弱ジャスト→大フラ→SA3,4958,0,1
下中P,ノーマル,1,CA,下中P→CR下中P→下大P→弱ジャスト→J中P→エアフラ→SA3,4640,0,2
下中P,カウンター,1,CA,下中P→下大P→中ジャスト→DR→立ち大P→大ジャスト→SA3,5500,0,1
下中P,カウンター,1,CA,下中P→下大P→CR引き大P→下大P→弱ジャスト→J中P→エアフラ→SA3,5085,0,2
下中P,パニッシュ,1,CA,下中P→下大P→中ジャスト→DR→立ち大P→大ジャスト→SA3,5500,0,1
下中P,パニッシュ,1,CA,下中P→下大P→CR引き大P→下大P→弱ジャスト→J中P→エアフラ→SA3,5085,0,2
下中P,ノーマル,2,0,下中P→CR立ち大P→中ジャスト→弱ジャスト→大フラ,2725,0,1
下中P,ノーマル,2,0,下中P→CR→立ち大P→弱ジャスト→J中P→エアフラ→弱昇竜,2576,0,2
下中P,カウンター,2,0,下中P→下大P→中ジャスト→DR→立ち大P→CR→引き大P→弱ジャスト→大フラ,3372,0,1
下中P,カウンター,2,0,下中P→下大P→→中ジャスト→OD昇竜,3010,0,2
下中P,パニッシュ,2,0,下中P→下大P→中ジャスト→DR→立ち大P→CR→引き大P→弱ジャスト→大フラ,3372,0,1
下中P,パニッシュ,2,0,下中P→下大P→CR→引き大P→下大P→弱ジャスト→J中P→エアフラ→弱昇竜,2907,0,2
下中P,ノーマル,2,1,下中P→CR立ち大P→中ジャスト→弱ジャスト→SA1,3105,0,1
下中P,ノーマル,2,1,下中P→CR下中P→下大P→弱ジャスト→J中P→エアフラ→SA1,2990,0,2
下中P,カウンター,2,1,下中P→下大P→中ジャスト→DR→立ち大P→CR引き大P→弱ジャスト→SA1,3802,0,1
下中P,カウンター,2,1,下中P→下大P→CR引き大P→下大P→弱ジャスト→J中P→エアフラ→SA1,3435,0,2
下中P,パニッシュ,2,1,下中P→下大P→中ジャスト→DR→立ち大P→CR引き大P→弱ジャスト→SA1,3802,0,1
下中P,パニッシュ,2,1,下中P→下大P→CR引き大P→下大P→弱ジャスト→J中P→エアフラ→SA1,3435,0,2
下中P,ノーマル,2,2,下中P→CR立ち大P→中ジャスト→前ステSA2,3408,0,1
下中P,ノーマル,2,2,下中P→CR下中P→下大P→弱ジャスト→J中P→エアフラ→SA2,3510,0,2
下中P,カウンター,2,2,下中P→下大P→中ジャスト→DR→立ち大P→CR引き大P→弱ジャスト→SA2,4322,0,1
下中P,カウンター,2,2,下中P→下大P→CR引き大P→下大P→弱ジャスト→J中P→エアフラ→SA2,3955,0,2
下中P,パニッシュ,2,2,下中P→下大P→中ジャスト→DR→立ち大P→CR引き大P→弱ジャスト→SA2,4322,0,1
下中P,パニッシュ,2,2,下中P→下大P→CR引き大P→下大P→弱ジャスト→J中P→エアフラ→SA2,3955,0,2
下中P,ノーマル,2,3,下中P→CR立ち大P→中ジャスト→弱ジャスト→大フラ→SA3,4725,0,1
下中P,ノーマル,2,3,下中P→CR下中P→下大P→弱ジャスト→J中P→エアフラ→SA3,4390,0,2
下中P,カウンター,2,3,下中P→下大P→中ジャスト→DR→立ち大P→CR→引き大P→弱ジャスト→大フラ→SA3,5372,0,1
下中P,カウンター,2,3,下中P→下大P→弱ジャスト→DR→立ち大P→CR立ち大P→大ジャスト→SA3,5018,0,2
下中P,パニッシュ,2,3,下中P→下大P→中ジャスト→DR→立ち大P→CR→引き大P→弱ジャスト→大フラ→SA3,5372,0,1
下中P,パニッシュ,2,3,下中P→下大P→弱ジャスト→DR→立ち大P→CR立ち大P→大ジャスト→SA3,5018,0,2
下中P,ノーマル,2,CA,下中P→CR立ち大P→中ジャスト→弱ジャスト→大フラ→SA3,4975,0,1
下中P,ノーマル,2,CA,下中P→CR下中P→下大P→弱ジャスト→J中P→エアフラ→SA3,4640,0,2
下中P,カウンター,2,CA,下中P→下大P→中ジャスト→DR→立ち大P→CR→引き大P→弱ジャスト→大フラ→SA3,5622,0,1
下中P,カウンター,2,CA,下中P→下大P→弱ジャスト→DR→立ち大P→CR立ち大P→大ジャスト→SA3,5268,0,2
下中P,パニッシュ,2,CA,下中P→下大P→中ジャスト→DR→立ち大P→CR→引き大P→弱ジャスト→大フラ→SA3,5622,0,1
下中P,パニッシュ,2,CA,下中P→下大P→弱ジャスト→DR→立ち大P→CR立ち大P→大ジャスト→SA3,5268,0,2
下中P,ノーマル,3,0,下中P→DDT,2815,0,1
下中P,カウンター,3,0,下中P→下大P→中ジャスト→DDT,3660,0,2
下中P,カウンター,3,0,下中P→下大P→中ジャスト→OD昇竜派生,3310,0,1
下中P,パニッシュ,3,0,下中P→下大P→中ジャスト→DDT,3660,0,2
下中P,パニッシュ,3,0,下中P→下大P→中ジャスト→OD昇竜派生,3310,0,0
下中P,ノーマル,3,1,下中P→CR立ち大P→中ジャスト→弱ジャスト→SA1,3105,0,1
下中P,ノーマル,3,1,下中P→CR下中P→下大P→弱ジャスト→J中P→エアフラ→SA1,2990,0,2
下中P,カウンター,3,1,下中P→下大P→中ジャスト→DR→立ち大P→CR引き大P→弱ジャスト→SA1,3802,0,1
下中P,カウンター,3,1,下中P→下大P→CR引き大P→下大P→弱ジャスト→J中P→エアフラ→SA1,3435,0,2
下中P,パニッシュ,3,1,下中P→下大P→中ジャスト→DR→立ち大P→CR引き大P→弱ジャスト→SA1,3802,0,1
下中P,パニッシュ,3,1,下中P→下大P→CR引き大P→下大P→弱ジャスト→J中P→エアフラ→SA1,3435,0,2
下中P,ノーマル,3,2,下中P→CR立ち大P→中ジャスト→前ステSA2,3408,0,1
下中P,ノーマル,3,2,下中P→CR下中P→下大P→弱ジャスト→J中P→エアフラ→SA2,3510,0,2
下中P,カウンター,3,2,下中P→下大P→中ジャスト→DR→立ち大P→CR引き大P→弱ジャスト→SA2,4322,0,1
下中P,カウンター,3,2,下中P→下大P→CR引き大P→下大P→弱ジャスト→J中P→エアフラ→SA2,3955,0,2
下中P,パニッシュ,3,2,下中P→下大P→中ジャスト→DR→立ち大P→CR→引き大P→弱ジャスト→SA2,4322,0,1
下中P,パニッシュ,3,2,下中P→下大P→CR引き大P→下大P→弱ジャスト→J中P→エアフラ→SA2,3955,0,2
下中P,ノーマル,3,3,下中P→CR立ち大P→中ジャスト→弱ジャスト→大フラ→SA3,4725,0,1
下中P,ノーマル,3,3,下中P→CR下中P→下大P→弱ジャスト→J中P→エアフラ→SA3,4390,0,2
下中P,カウンター,3,3,下中P→下大P→中ジャスト→DR→立ち大P→CR→引き大P→弱ジャスト→大フラ→SA3,5372,0,1
下中P,カウンター,3,3,下中P→下大P→弱ジャスト→DR→立ち大P→CR立ち大P→大ジャスト→SA3,5018,0,2
下中P,パニッシュ,3,3,下中P→下大P→中ジャスト→DR→立ち大P→CR→引き大P→弱ジャスト→大フラ→SA3,5372,0,1
下中P,パニッシュ,3,3,下中P→下大P→弱ジャスト→DR→立ち大P→CR立ち大P→大ジャスト→SA3,5018,0,2
下中P,ノーマル,3,CA,下中P→CR立ち大P→中ジャスト→弱ジャスト→大フラ→SA3,4975,0,1
下中P,ノーマル,3,CA,下中P→CR下中P→下大P→弱ジャスト→J中P→エアフラ→SA3,4640,0,2
下中P,カウンター,3,CA,下中P→下大P→中ジャスト→DR→立ち大P→CR→引き大P→弱ジャスト→大フラ→SA3,5622,0,1
下中P,カウンター,3,CA,下中P→下大P→弱ジャスト→DR→立ち大P→CR立ち大P→大ジャスト→SA3,5268,0,2
下中P,パニッシュ,3,CA,下中P→下大P→中ジャスト→DR→立ち大P→CR→引き大P→弱ジャスト→大フラ→SA3,5622,0,1
下中P,パニッシュ,3,CA,下中P→下大P→弱ジャスト→DR→立ち大P→CR立ち大P→大ジャスト→SA3,5268,0,2
下中P,ノーマル,4,0,下中P→CR立ち大P→中ジャスト→DR→大ジャスト,3044,0,1
下中P,ノーマル,4,0,下中P→CR下中P→下大P→中ジャスト→OD昇竜,2684,0,2
下中P,カウンター,4,0,下中P→下大P→中ジャスト→DDT,3660,0,1
下中P,カウンター,4,0,下中P→下大P→中ジャスト→OD昇竜出し切り,3310,0,2
下中P,パニッシュ,4,0,下中P→下大P→中ジャスト→DDT,3660,0,1
下中P,パニッシュ,4,0,下中P→下大P→中ジャスト→OD昇竜出し切り,3310,0,2
下中P,ノーマル,4,1,下中P→CR下中P→下大P→中ジャスト→DR→立ち大P→弱ジャスト→SA1,3320,0,1
下中P,ノーマル,4,1,下中P→CR立ち大K→下中P→CR立ち大P→弱ジャスト→J中P→エアフラ→SA1,3414,0,2
下中P,カウンター,4,1,下中P→下大P→中ジャスト→DR→立ち大P→CR引き大P→弱ジャスト→SA1,3802,0,1
下中P,カウンター,4,1,下中P→下大P→CR→引き大P→下大P→CR→引き大P→下大P→中ジャスト→J中P→エアフラ→SA1,3663,0,2
下中P,パニッシュ,4,1,下中P→下大P→中ジャスト→DR→立ち大P→CR引き大P→弱ジャスト→SA1,3802,0,1
下中P,パニッシュ,4,1,下中P→下大P→CR→引き大P→下大P→CR→引き大P→下大P→中ジャスト→J中P→エアフラ→SA1,3663,0,2
下中P,ノーマル,4,2,下中P→CR立ち大P→中ジャスト→弱ジャスト→ODチェイサー→SA2,3855,0,1
下中P,ノーマル,4,2,下中P→CR立ち大K→下中P→CR→立ち大P→弱ジャスト→J中P→エアフラ→SA2,3934,0,2
下中P,カウンター,4,2,下中P→下大P→中ジャスト→DR→立ち大P→CR引き大P→弱ジャスト→SA2,4322,0,1
下中P,カウンター,4,2,下中P→下大P→CR引き大P→下大P→CR引き大P→下大P→弱ジャスト→J中P→エアフラ→SA2,4183,0,2
下中P,パニッシュ,4,2,下中P→下大P→中ジャスト→DR→立ち大P→CR引き大P→弱ジャスト→SA2,4322,0,1
下中P,パニッシュ,4,2,下中P→下大P→CR引き大P→下大P→CR引き大P→下大P→弱ジャスト→J中P→エアフラ→SA2,4183,0,2
下中P,ノーマル,4,3,下中P→CR立ち大K→下中P→CR立ち大P→大ジャスト→SA3,5044,0,1
下中P,ノーマル,4,3,立ち中P→CR立ち大K→下中P→CR→立ち大P→弱ジャスト→J中P→エアフラ→SA3,4814,0,2
下中P,カウンター,4,3,下中P→下大P→中ジャスト→DR→立ち大P→CR引き大P→弱ジャスト→大フラ→SA3,5372,0,1
下中P,カウンター,4,3,下中P→下大P→CR→引き大P→下大P→CR→引き大P→下大P→弱ジャスト→J中P→エアフラ→SA3,5063,0,2
下中P,パニッシュ,4,3,下中P→下大P→中ジャスト→DR→立ち大P→CR引き大P→弱ジャスト→大フラ→SA3,5372,0,1
下中P,パニッシュ,4,3,下中P→下大P→CR→引き大P→下大P→CR→引き大P→下大P→弱ジャスト→J中P→エアフラ→SA3,5063,0,2
下中P,ノーマル,4,CA,下中P→CR立ち大K→下中P→CR立ち大P→大ジャスト→SA3,5294,0,1
下中P,ノーマル,4,CA,立ち中P→CR立ち大K→下中P→CR→立ち大P→弱ジャスト→J中P→エアフラ→SA3,5064,0,2
下中P,カウンター,4,CA,下中P→下大P→中ジャスト→DR→立ち大P→CR引き大P→弱ジャスト→大フラ→SA3,5622,0,1
下中P,カウンター,4,CA,下中P→下大P→CR→引き大P→下大P→CR引き大P→下大P→弱ジャスト→J中P→エアフラ→SA3,5313,0,2
下中P,パニッシュ,4,CA,下中P→下大P→中ジャスト→DR→立ち大P→CR引き大P→弱ジャスト→大フラ→SA3,5622,0,1
下中P,パニッシュ,4,CA,下中P→下大P→CR→引き大P→下大P→CR→引き大P→下大P→弱ジャスト→J中P→エアフラ→SA3,5313,0,2
下中P,ノーマル,5,0,下中P→CR立ち大P→中ジャスト→DR→立ち大P→CR引き大P→弱ジャスト→大フラ,3210,0,1
下中P,ノーマル,5,0,下中P→DDT,2815,0,2
下中P,カウンター,5,0,下中P→下大P→中ジャスト→DDT,3660,0,1
下中P,カウンター,5,0,下中P→下大P→中ジャスト→OD昇竜,3310,0,2
下中P,パニッシュ,5,0,下中P→下大P→中ジャスト→DDT,3660,0,1
下中P,パニッシュ,5,0,下中P→下大P→中ジャスト→OD昇竜,3310,0,2
下中P,ノーマル,5,1,下中P→CR立ち大P→中ジャスト→DR→立ち大P→CR下大P→弱ジャスト→SA1,3600,0,1
下中P,ノーマル,5,1,下中P→CR大K→下中P→CR→立ち大P→弱ジャスト→J中P→エアフラ→SA1,3414,0,2
下中P,カウンター,5,1,下中P→下大P→中ジャスト→DR→立ち大P→CR下大P→CR下大P→弱ジャスト→SA1,3995,0,1
下中P,カウンター,5,1,下中P→下大P→CR→引き大P→下大P→CR→引き大P→立ち中P→弱ジャスト→J中P→エアフラ→SA1,3663,0,2
下中P,パニッシュ,5,1,下中P→下大P→中ジャスト→DR→立ち大P→CR下大P→CR下大P→弱ジャスト→SA1,3995,0,1
下中P,パニッシュ,5,1,下中P→下大P→CR→引き大P→下大P→CR→引き大P→立ち中P→弱ジャスト→J中P→エアフラ→SA1,3663,0,2
下中P,ノーマル,5,2,下中P→CR立ち大P→中ジャスト→DR→立ち大P→弱ジャスト→ODチェイサー→SA2,4125,0,1
下中P,ノーマル,5,2,下中P→CR大K→下中P→CR→立ち大P→弱ジャスト→J中P→エアフラ→SA2,3934,0,2
下中P,カウンター,5,2,下中P→下大P→中ジャスト→DR→立ち大P→CR引き大P→CR引き大P→弱ジャスト→SA2,4515,0,1
下中P,カウンター,5,2,下中P→下大P→CR→引き大P→CR→引き大P→下大P→弱ジャスト→J中P→エアフラ→SA2,4283,0,2
下中P,パニッシュ,5,2,下中P→下大P→中ジャスト→DR→立ち大P→CR引き大P→CR引き大P→弱ジャスト→SA2,4515,0,1
下中P,パニッシュ,5,2,下中P→下大P→CR→引き大P→CR→引き大P→下大P→弱ジャスト→J中P→エアフラ→SA2,4283,0,2
下中P,ノーマル,5,3,下中P→CR立ち大P→中ジャスト→DR→立ち大P→CR下大P→弱ジャスト→大フラ→SA3,5210,0,1
下中P,ノーマル,5,3,下中P→CR立ち大P→弱ジャスト→DR→立ち大P→CR立ち大P→大ジャスト→SA3,4863,0,2
下中P,カウンター,5,3,下中P→下大P→中ジャスト→DR→立ち大P→CR引き大P→CR引き大P→弱ジャスト→大フラ→SA3,5475,0,1
下中P,カウンター,5,3,下中P→下大P→弱ジャスト→DR→立ち大P→CR引き大P→CR立ち大P→大ジャスト→SA3,5090,0,2
下中P,パニッシュ,5,3,下中P→下大P→中ジャスト→DR→立ち大P→CR引き大P→CR引き大P→弱ジャスト→大フラ→SA3,5475,0,1
下中P,パニッシュ,5,3,下中P→下大P→弱ジャスト→DR→立ち大P→CR引き大P→CR立ち大P→大ジャスト→SA3,5090,0,2
下中P,ノーマル,5,CA,下中P→CR立ち大P→中ジャスト→DR→立ち大P→CR下大P→弱ジャスト→大フラ→SA3,5460,0,1
下中P,ノーマル,5,CA,下中P→CR立ち大P→弱ジャスト→DR→立ち大P→CR立ち大P→大ジャスト→SA3,5113,0,2
下中P,カウンター,5,CA,下中P→下大P→中ジャスト→DR→立ち大P→CR引き大P→CR引き大P→弱ジャスト→大フラ→SA3,5725,0,1
下中P,カウンター,5,CA,下中P→下大P→弱ジャスト→DR→立ち大P→CR引き大P→CR立ち大P→大ジャスト→SA3,5340,0,2
下中P,パニッシュ,5,CA,下中P→下大P→中ジャスト→DR→立ち大P→CR引き大P→CR引き大P→弱ジャスト→大フラ→SA3,5725,0,1
下中P,パニッシュ,5,CA,下中P→下大P→弱ジャスト→DR→立ち大P→CR引き大P→CR立ち大P→大ジャスト→SA3,5340,0,2
下中P,ノーマル,6,0,下中P→CR立ち大P→中ジャスト→DDT,3238,0,1
下中P,ノーマル,6,0,下中P→CR大K→下中P→DDT,2996,0,2
下中P,カウンター,6,0,下中P→下大P→中ジャスト→DDT,3660,0,1
下中P,カウンター,6,0,下中P→下大P→中ジャスト→OD昇竜,3310,0,2
下中P,パニッシュ,6,0,下中P→下大P→中ジャスト→DDT,3660,0,1
下中P,パニッシュ,6,0,下中P→下大P→中ジャスト→OD昇竜,3310,0,2
下中P,ノーマル,6,1,下中P→CR→立ち大P→中ジャスト→DR→立ち大P→CR→引き大P→弱ジャスト→SA1,3600,0,1
下中P,ノーマル,6,1,下中P→CR大K→下中P→CR立ち大P→弱ジャスト→J中P→エアフラ→SA1,3414,0,2
下中P,カウンター,6,1,下中P→下大P→中ジャスト→DR→立ち大P→CR下大P→CR下大P→弱ジャスト→SA1,3995,0,1
下中P,カウンター,6,1,下中P→下大P→CR引き大P→下大P→CR引き大P→下中P→弱ジャスト→J中P→エアフラ→SA1,3663,0,2
下中P,パニッシュ,6,1,下中P→下大P→中ジャスト→DR→立ち大P→CR下大P→CR下大P→弱ジャスト→SA1,3995,0,1
下中P,パニッシュ,6,1,下中P→下大P→CR引き大P→下大P→CR引き大P→下中P→弱ジャスト→J中P→エアフラ→SA1,3663,0,2
下中P,ノーマル,6,2,下中P→CR立ち大P→中ジャスト→DR→立ち大P→弱ジャスト→ODチェイサー→SA3,4125,0,1
下中P,ノーマル,6,2,下中P→CR大K→下中P→CR立ち大P→弱ジャスト→J中P→エアフラ→SA2,3934,0,2
下中P,カウンター,6,2,下中P→下大P→中ジャスト→DR→立ち大P→CR引き大P→CR引き大P→弱ジャスト→SA2,4515,0,1
下中P,カウンター,6,2,下中P→下大P→CR引き大P→下大P→CR引き大P→下大P→弱ジャスト→J中P→エアフラ→SA2,4183,0,2
下中P,パニッシュ,6,2,下中P→下大P→中ジャスト→DR→立ち大P→CR引き大P→CR引き大P→弱ジャスト→SA2,4515,0,1
下中P,パニッシュ,6,2,下中P→下大P→CR引き大P→下大P→CR引き大P→下大P→弱ジャスト→J中P→エアフラ→SA2,4183,0,2
下中P,ノーマル,6,3,下中P→CR立ち大P→中ジャスト→DR→立ち大P→CR引き大P→弱ジャスト→大フラ→SA3,5210,0,1
下中P,ノーマル,6,3,下中P→CR立ち大P→弱ジャスト→DR→立ち大P→CR立ち大P→大ジャスト→SA3,4863,0,2
下中P,カウンター,6,3,下中P→下大P→中ジャスト→DR→立ち大P→CR引き大P→弱ジャスト→大フラ→SA3,5475,0,1
下中P,カウンター,6,3,下中P→下大P→弱ジャスト→DR→立ち大P→CR引き大P→CR立ち大P→大ジャスト→SA3,5090,0,2
下中P,パニッシュ,6,3,下中P→下大P→中ジャスト→DR→立ち大P→CR引き大P→弱ジャスト→大フラ→SA3,5475,0,1
下中P,パニッシュ,6,3,下中P→下大P→弱ジャスト→DR→立ち大P→CR引き大P→CR立ち大P→大ジャスト→SA3,5090,0,2
下中P,ノーマル,6,CA,下中P→CR立ち大P→中ジャスト→DR→立ち大P→CR引き大P→弱ジャスト→大フラ→SA3,5460,0,1
下中P,ノーマル,6,CA,下中P→CR立ち大P→弱ジャスト→DR→立ち大P→CR立ち大P→大ジャスト→SA3,5113,0,2
下中P,カウンター,6,CA,下中P→下大P→中ジャスト→DR→立ち大P→CR引き大P→弱ジャスト→大フラ→SA3,5725,0,1
下中P,カウンター,6,CA,下中P→下大P→弱ジャスト→DR→立ち大P→CR引き大P→CR立ち大P→大ジャスト→SA3,5340,0,2
下中P,パニッシュ,6,CA,下中P→下大P→中ジャスト→DR→立ち大P→CR引き大P→弱ジャスト→大フラ→SA3,5725,0,1
下中P,パニッシュ,6,CA,下中P→下大P→弱ジャスト→DR→立ち大P→CR引き大P→CR立ち大P→大ジャスト→SA3,5340,0,2
下中K,ノーマル,0,0,下中K→大昇竜,1460,0,0
下中K,カウンター,0,0,下中K→大昇竜,1560,0,0
下中K,パニッシュ,0,0,下中K→大昇竜,1560,0,0
下中K,ノーマル,0,1,下中K→SA1,2100,0,0
下中K,カウンター,0,1,下中K→SA1,2200,0,0
下中K,パニッシュ,0,1,下中K→SA1,2200,0,0
下中K,ノーマル,0,2,下中K→SA2,2740,0,0
下中K,カウンター,0,2,下中K→SA2,2840,0,0
下中K,パニッシュ,0,2,下中K→SA2,2840,0,0
下中K,ノーマル,0,3,下中K→SA3,3700,0,0
下中K,カウンター,0,3,下中K→SA3,3800,0,0
下中K,パニッシュ,0,3,下中K→SA3,3800,0,0
下中K,ノーマル,0,CA,下中K→SA3,3950,0,0
下中K,カウンター,0,CA,下中K→SA3,4050,0,0
下中K,パニッシュ,0,CA,下中K→SA3,4050,0,0
下中K,ノーマル,1,0,下中K→CR下中P→中ジャスト→弱ジャスト→大フラ,2420,0,1
下中K,ノーマル,1,0,下中K→CR下中P→下大P→弱ジャスト→J中P→エアフラ→弱昇竜,2236,0,2
下中K,カウンター,1,0,下中K→CR立ち大P→中ジャスト→弱ジャスト→大フラ,2573,0,1
下中K,カウンター,1,0,下中K→CR立ち大P→弱ジャスト→J中P→エアフラ→弱昇竜,2416,0,2
下中K,パニッシュ,1,0,下中K→CR立ち大P→中ジャスト→弱ジャスト→大フラ,2573,0,1
下中K,パニッシュ,1,0,下中K→CR立ち大P→弱ジャスト→J中P→エアフラ→弱昇竜,2416,0,2
下中K,ノーマル,1,1,下中K→CR下中P→中ジャスト→弱ジャスト→SA1,2810,0,1
下中K,ノーマル,1,1,下中K→CR下中P→下大P→弱ジャスト→J中P→エアフラ→SA1,2728,0,2
下中K,カウンター,1,1,下中K→CR立ち大P→中ジャスト→弱ジャスト→SA1,2913,0,1
下中K,カウンター,1,1,下中K→CR下中P→下大P→弱ジャスト→J中P→エアフラ→SA1,2828,0,2
下中K,パニッシュ,1,1,下中K→CR立ち大P→中ジャスト→弱ジャスト→SA1,2913,0,1
下中K,パニッシュ,1,1,下中K→CR下中P→下大P→弱ジャスト→J中P→エアフラ→SA1,2828,0,2
下中K,ノーマル,1,2,下中K→CR下中P→下大P→中ジャスト→SA2,3006,0,1
下中K,ノーマル,1,2,下中K→CR下中P→下大P→弱ジャスト→J中P→エアフラ→SA2,3248,0,2
下中K,カウンター,1,2,下中K→CR立ち大P→中ジャスト→SA2,3220,0,1
下中K,カウンター,1,2,下中K→CR下中P→下大P→弱ジャスト→J中P→エアフラ→SA2,3348,0,2
下中K,パニッシュ,1,2,下中K→CR立ち大P→中ジャスト→SA2,3220,0,1
下中K,パニッシュ,1,2,下中K→CR下中P→下大P→弱ジャスト→J中P→エアフラ→SA2,3348,0,2
下中K,ノーマル,1,3,下中K→CR下中P→下大P→中ジャスト→弱ジャスト→大フラ,4420,0,1
下中K,ノーマル,1,3,下中K→CR下中P→下大P→弱ジャスト→J中P→エアフラ→SA3,4128,0,2
下中K,カウンター,1,3,下中K→CR立ち大P→中ジャスト→弱ジャスト→大フラ→SA3,4573,0,1
下中K,カウンター,1,3,下中K→CR下中P→下大P→弱ジャスト→J中P→エアフラ→S,4228,0,2
下中K,パニッシュ,1,3,下中K→CR立ち大P→中ジャスト→弱ジャスト→大フラ→SA3,4573,0,1
下中K,パニッシュ,1,3,下中K→CR下中P→下大P→弱ジャスト→J中P→エアフラ→S,4228,0,2
下中K,ノーマル,1,CA,下中K→CR下中P→下大P→中ジャスト→弱ジャスト→大フラ,4670,0,1
下中K,ノーマル,1,CA,下中K→CR下中P→下大P→弱ジャスト→J中P→エアフラ→SA3,4378,0,2
下中K,カウンター,1,CA,下中K→CR立ち大P→中ジャスト→弱ジャスト→大フラ→SA3,4823,0,1
下中K,カウンター,1,CA,下中K→CR下中P→下大P→弱ジャスト→J中P→エアフラ→S,4478,0,2
下中K,パニッシュ,1,CA,下中K→CR立ち大P→中ジャスト→弱ジャスト→大フラ→SA3,4823,0,1
下中K,パニッシュ,1,CA,下中K→CR下中P→下大P→弱ジャスト→J中P→エアフラ→S,4478,0,2
下中K,ノーマル,2,0,下中K→CR下中P→中ジャスト→弱ジャスト→大フラ,2420,0,1
下中K,ノーマル,2,0,下中K→CR下中P→下大P→弱ジャスト→J中P→エアフラ→弱昇竜,2236,0,2
下中K,カウンター,2,0,下中K→CR立ち大P→中ジャスト→弱ジャスト→大フラ,2573,0,1
下中K,カウンター,2,0,下中K→CR立ち大P→弱ジャスト→J中P→エアフラ→弱昇竜,2416,0,2
下中K,パニッシュ,2,0,下中K→CR立ち大P→中ジャスト→弱ジャスト→大フラ,2573,0,1
下中K,パニッシュ,2,0,下中K→CR立ち大P→弱ジャスト→J中P→エアフラ→弱昇竜,2416,0,2
下中K,ノーマル,2,1,下中K→CR下中P→中ジャスト→弱ジャスト→SA1,2810,0,1
下中K,ノーマル,2,1,下中K→CR下中P→下大P→弱ジャスト→J中P→エアフラ→SA1,2728,0,2
下中K,カウンター,2,1,下中K→CR立ち大P→中ジャスト→弱ジャスト→SA1,2913,0,1
下中K,カウンター,2,1,下中K→CR下中P→下大P→弱ジャスト→J中P→エアフラ→SA1,2828,0,2
下中K,パニッシュ,2,1,下中K→CR立ち大P→中ジャスト→弱ジャスト→SA1,2913,0,1
下中K,パニッシュ,2,1,下中K→CR下中P→下大P→弱ジャスト→J中P→エアフラ→SA1,2828,0,2
下中K,ノーマル,2,2,下中K→CR下中P→下大P→中ジャスト→SA2,3006,0,1
下中K,ノーマル,2,2,下中K→CR下中P→下大P→弱ジャスト→J中P→エアフラ→SA2,3248,0,2
下中K,カウンター,2,2,下中K→CR立ち大P→中ジャスト→SA2,3220,0,1
下中K,カウンター,2,2,下中K→CR下中P→下大P→弱ジャスト→J中P→エアフラ→SA2,3348,0,2
下中K,パニッシュ,2,2,下中K→CR立ち大P→中ジャスト→SA2,3220,0,1
下中K,パニッシュ,2,2,下中K→CR下中P→下大P→弱ジャスト→J中P→エアフラ→SA2,3348,0,2
下中K,ノーマル,2,3,下中K→CR下中P→下大P→中ジャスト→弱ジャスト→大フラ→SA3,4420,0,1
下中K,ノーマル,2,3,下中K→CR下中P→下大P→弱ジャスト→J中P→エアフラ→SA3,4128,0,2
下中K,カウンター,2,3,下中K→CR立ち大P→中ジャスト→弱ジャスト→大フラ→SA3,4573,0,1
下中K,カウンター,2,3,下中K→CR下中P→下大P→弱ジャスト→J中P→エアフラ→S,4228,0,2
下中K,パニッシュ,2,3,下中K→CR立ち大P→中ジャスト→弱ジャスト→大フラ→SA3,4573,0,1
下中K,パニッシュ,2,3,下中K→CR下中P→下大P→弱ジャスト→J中P→エアフラ→S,4228,0,2
下中K,ノーマル,2,CA,下中K→CR下中P→下大P→中ジャスト→弱ジャスト→大フラ,4670,0,1
下中K,ノーマル,2,CA,下中K→CR下中P→下大P→弱ジャスト→J中P→エアフラ→SA3,4378,0,2
下中K,カウンター,2,CA,下中K→CR立ち大P→中ジャスト→弱ジャスト→大フラ→SA3,4823,0,1
下中K,カウンター,2,CA,下中K→CR下中P→下大P→弱ジャスト→J中P→エアフラ→S,4478,0,2
下中K,パニッシュ,2,CA,下中K→CR立ち大P→中ジャスト→弱ジャスト→大フラ→SA3,4823,0,1
下中K,パニッシュ,2,CA,下中K→CR下中P→下大P→弱ジャスト→J中P→エアフラ→S,4478,0,2
下中K,ノーマル,3,0,下中K→DDT,2570,0,0
下中K,カウンター,3,0,下中K→DDT,2670,0,0
下中K,パニッシュ,3,0,下中K→DDT,2670,0,0
下中K,ノーマル,3,1,下中K→CR下中P→中ジャスト→弱ジャスト→SA1,2810,0,1
下中K,ノーマル,3,1,下中K→CR下中P→下大P→弱ジャスト→J中P→エアフラ→SA1,2728,0,2
下中K,カウンター,3,1,下中K→CR立ち大P→中ジャスト→弱ジャスト→SA1,2913,0,1
下中K,カウンター,3,1,下中K→CR下中P→下大P→弱ジャスト→J中P→エアフラ→SA1,2828,0,2
下中K,パニッシュ,3,1,下中K→CR立ち大P→中ジャスト→弱ジャスト→SA1,2913,0,1
下中K,パニッシュ,3,1,下中K→CR下中P→下大P→弱ジャスト→J中P→エアフラ→SA1,2828,0,2
下中K,ノーマル,3,2,下中K→ODナックル→OD弾→SA2,3100,0,1
下中K,ノーマル,3,2,下中K→CR下中P→下大P→弱ジャスト→J中P→エアフラ→SA2,3248,0,2
下中K,カウンター,3,2,下中K→CR立ち大P→中ジャスト→SA2,3220,0,1
下中K,カウンター,3,2,下中K→CR下中P→下大P→弱ジャスト→J中P→エアフラ→SA2,3348,0,2
下中K,パニッシュ,3,2,下中K→CR立ち大P→中ジャスト→SA2,3220,0,1
下中K,パニッシュ,3,2,下中K→CR下中P→下大P→弱ジャスト→J中P→エアフラ→SA2,3348,0,2
下中K,ノーマル,3,3,下中K→CR下中P→下大P→中ジャスト→弱ジャスト→大フラ→SA3,4420,0,1
下中K,ノーマル,3,3,下中K→CR下中P→下大P→弱ジャスト→J中P→エアフラ→SA3,4128,0,2
下中K,カウンター,3,3,下中K→CR立ち大P→中ジャスト→弱ジャスト→大フラ→SA3,4573,0,1
下中K,カウンター,3,3,下中K→CR下中P→下大P→弱ジャスト→J中P→エアフラ→S,4228,0,2
下中K,パニッシュ,3,3,下中K→CR立ち大P→中ジャスト→弱ジャスト→大フラ→SA3,4573,0,1
下中K,パニッシュ,3,3,下中K→CR下中P→下大P→弱ジャスト→J中P→エアフラ→S,4228,0,2
下中K,ノーマル,3,CA,下中K→CR下中P→下大P→中ジャスト→弱ジャスト→大フラ,4670,0,1
下中K,ノーマル,3,CA,下中K→CR下中P→下大P→弱ジャスト→J中P→エアフラ→SA3,4378,0,2
下中K,カウンター,3,CA,下中K→CR立ち大P→中ジャスト→弱ジャスト→大フラ→SA3,4823,0,1
下中K,カウンター,3,CA,下中K→CR下中P→下大P→弱ジャスト→J中P→エアフラ→S,4478,0,2
下中K,パニッシュ,3,CA,下中K→CR立ち大P→中ジャスト→弱ジャスト→大フラ→SA3,4823,0,1
下中K,パニッシュ,3,CA,下中K→CR下中P→下大P→弱ジャスト→J中P→エアフラ→S,4478,0,2
下中K,ノーマル,4,0,下中K→CR下中P→下大P→中ジャスト→DR→立ち大P→大ジャスト,2654,0,1
下中K,ノーマル,4,0,下中K→DDT,2570,0,2
下中K,カウンター,4,0,下中K→CR立ち大P→中ジャスト→DR→立ち大P→大ジャスト,2872,0,1
下中K,カウンター,4,0,下中K→DDT,2670,0,2
下中K,パニッシュ,4,0,下中K→CR立ち大P→中ジャスト→DR→立ち大P→大ジャスト,2872,0,1
下中K,パニッシュ,4,0,下中K→DDT,2670,0,2
下中K,ノーマル,4,1,下中K→CR下中P→下大P→CR引き大P→下大P→中ジャスト→弱ジャスト→SA1,3061,0,1
下中K,ノーマル,4,1,下中K→CR下中P→下大P→CR引き大P→下大P→弱ジャスト→J中P→エアフラ→SA1,2973,0,2
下中K,カウンター,4,1,下中K→CR立ち大P→CR引き大P→下大P→中ジャスト→弱ジャスト→SA1,3287,0,1
下中K,カウンター,4,1,下中K→CR立ち大P→CR引き大P→下大P→弱ジャスト→J中P→エアフラ→SA1,3179,0,2
下中K,パニッシュ,4,1,下中K→CR立ち大P→CR引き大P→下大P→中ジャスト→弱ジャスト→SA1,3287,0,1
下中K,パニッシュ,4,1,下中K→CR立ち大P→CR引き大P→下大P→弱ジャスト→J中P→エアフラ→SA1,3179,0,2
下中K,ノーマル,4,2,下中K→CR下中P→下大P→→中ジャスト→弱ジャスト→ODチェイサー→SA2,3551,0,1
下中K,ノーマル,4,2,下中K→CR下中P→下大P→CR引き大P→下大P→弱ジャスト→J中P→エアフラ→SA2,3493,0,2
下中K,カウンター,4,2,下中K→CR立ち大P→中ジャスト→弱ジャスト→ODチェイサー→SA2,3704,0,1
下中K,カウンター,4,2,下中K→CR立ち大P→CR引き大P→下大P→弱ジャスト→J中P→エアフラ→SA2,3699,0,2
下中K,パニッシュ,4,2,下中K→CR立ち大P→中ジャスト→弱ジャスト→ODチェイサー→SA2,3704,0,1
下中K,パニッシュ,4,2,下中K→CR立ち大P→CR引き大P→下大P→弱ジャスト→J中P→エアフラ→SA2,3699,0,2
下中K,ノーマル,4,3,下中K→CR下中P→下大P→→中ジャスト→DR→立ち大P→大ジャスト→SA3,4654,0,1
下中K,ノーマル,4,3,下中K→CR下中P→下大P→CR→引き大P→下大P→弱ジャスト→J中P→エアフラ→SA3,4373,0,2
下中K,カウンター,4,3,下中K→CR→立ち大P→→中ジャスト→DR→立ち大P→大ジャスト→SA3,4847,0,1
下中K,カウンター,4,3,下中K→CR立ち大P→CR→引き大P→下大P→弱ジャスト→J中P→エアフラ→SA3,4579,0,2
下中K,パニッシュ,4,3,下中K→CR→立ち大P→→中ジャスト→DR→立ち大P→大ジャスト→SA3,4847,0,1
下中K,パニッシュ,4,3,下中K→CR立ち大P→CR→引き大P→下大P→弱ジャスト→J中P→エアフラ→SA3,4579,0,2
下中K,ノーマル,4,CA,下中K→CR下中P→下大P→→中ジャスト→DR→立ち大P→大ジャスト→SA3,4904,0,1
下中K,ノーマル,4,CA,下中K→CR下中P→下大P→CR→引き大P→下大P→弱ジャスト→J中P→エアフラ→SA3,4623,0,2
下中K,カウンター,4,CA,下中K→CR→立ち大P→→中ジャスト→DR→立ち大P→大ジャスト→SA3,5097,0,1
下中K,カウンター,4,CA,下中K→CR立ち大P→CR→引き大P→下大P→弱ジャスト→J中P→エアフラ→SA3,4829,0,2
下中K,パニッシュ,4,CA,下中K→CR→立ち大P→→中ジャスト→DR→立ち大P→大ジャスト→SA3,5097,0,1
下中K,パニッシュ,4,CA,下中K→CR立ち大P→CR→引き大P→下大P→弱ジャスト→J中P→エアフラ→SA3,4829,0,2
下中K,ノーマル,5,0,下中K→CR下中P→下大P→DR→立ち大P→CR引き大P→弱ジャスト→大フラ,2673,0,1
下中K,ノーマル,5,0,下中K→CR下中P→下大P→CR引き大P→下大P→中ジャスト→大昇竜,2530,0,2
下中K,カウンター,5,0,下中K→CR立ち大P→中ジャスト→DR→立ち大P→CR引き大P→弱ジャスト→大フラ,2994,0,1
下中K,カウンター,5,0,下中K→CR立ち大P→CR引き大P→下大P→中ジャスト→大昇竜,2790,0,2
下中K,パニッシュ,5,0,下中K→CR立ち大P→中ジャスト→DR→立ち大P→CR引き大P→弱ジャスト→大フラ,2994,0,1
下中K,パニッシュ,5,0,下中K→CR立ち大P→CR引き大P→下大P→中ジャスト→大昇竜,2790,0,2
下中K,ノーマル,5,1,下中K→CR→下中P→下大P→中ジャスト→DR→立ち大P→CR→引き大P→弱ジャスト→SA1,3193,0,1
下中K,ノーマル,5,1,下中K→CR下中P→下大P→CR引き大P→下大P→弱ジャスト→J中P→エアフラ→SA1,2973,0,2
下中K,カウンター,5,1,下中K→CR立ち大P→中ジャスト→DR→立ち大P→CR引き大P→弱ジャスト→SA1,3424,0,1
下中K,カウンター,5,1,下中K→CR立ち大P→CR引き大P→下大P→弱ジャスト→J中P→エアフラ→SA1,3179,0,2
下中K,パニッシュ,5,1,下中K→CR立ち大P→中ジャスト→DR→立ち大P→CR引き大P→弱ジャスト→SA1,3424,0,1
下中K,パニッシュ,5,1,下中K→CR立ち大P→CR引き大P→下大P→弱ジャスト→J中P→エアフラ→SA1,3179,0,2
下中K,ノーマル,5,2,下中K→CR下中P→下大P→中ジャスト→DR→立ち大P→CR引き大P→弱ジャスト→SA2,3713,0,1
下中K,ノーマル,5,2,下中K→CR下中P→下大P→CR引き大P→下大P→弱ジャスト→J中P→エアフラ→SA2,3493,0,2
下中K,カウンター,5,2,下中K→CR立ち大P→中ジャスト→DR→立ち大P→CR引き大P→弱ジャスト→SA2,3944,0,1
下中K,カウンター,5,2,下中K→CR立ち大P→CR引き大P→下大P→弱ジャスト→J中P→エアフラ→SA2,3699,0,2
下中K,パニッシュ,5,2,下中K→CR立ち大P→中ジャスト→DR→立ち大P→CR引き大P→弱ジャスト→SA2,3944,0,1
下中K,パニッシュ,5,2,下中K→CR立ち大P→CR引き大P→下大P→弱ジャスト→J中P→エアフラ→SA2,3699,0,2
下中K,ノーマル,5,3,下中K→CR下中P→下大P→中ジャスト→DR→立ち大P→CR引き大P→弱ジャスト→大フラ→SA3,4673,0,1
下中K,ノーマル,5,3,下中K→CR→下中P→下大P→CR→引き大P→下大P→弱ジャスト→J中P→エアフラ→SA3,4373,0,2
下中K,カウンター,5,3,下中K→CR→立ち大P→中ジャスト→DR→立ち大P→CR→引き大P→弱ジャスト→大フラ→SA3,4994,0,1
下中K,カウンター,5,3,下中K→CR→立ち大P→弱ジャスト→DR→立ち大P→CR→立ち大P→大ジャスト→SA3,4667,0,2
下中K,パニッシュ,5,3,下中K→CR→立ち大P→中ジャスト→DR→立ち大P→CR→引き大P→弱ジャスト→大フラ→SA3,4994,0,1
下中K,パニッシュ,5,3,下中K→CR→立ち大P→弱ジャスト→DR→立ち大P→CR→立ち大P→大ジャスト→SA3,4667,0,2
下中K,ノーマル,5,CA,下中K→CR下中P→下大P→中ジャスト→DR→立ち大P→CR引き大P→弱ジャスト→大フラ→SA3,4923,0,1
下中K,ノーマル,5,CA,下中K→CR→下中P→下大P→CR→引き大P→下大P→弱ジャスト→J中P→エアフラ→SA3,4623,0,2
下中K,カウンター,5,CA,下中K→CR→立ち大P→中ジャスト→DR→立ち大P→CR→引き大P→弱ジャスト→大フラ→SA3,5244,0,1
下中K,カウンター,5,CA,下中K→CR→立ち大P→弱ジャスト→DR→立ち大P→CR→立ち大P→大ジャスト→SA3,4917,0,2
下中K,パニッシュ,5,CA,下中K→CR→立ち大P→中ジャスト→DR→立ち大P→CR→引き大P→弱ジャスト→大フラ→SA3,5244,0,1
下中K,パニッシュ,5,CA,下中K→CR→立ち大P→弱ジャスト→DR→立ち大P→CR→立ち大P→大ジャスト→SA3,4917,0,2
下中K,ノーマル,6,0,下中K→CR→下大P→中ジャスト→DDT,2782,0,1
下中K,ノーマル,6,0,下中K→CR→下中P→下大P→中ジャスト→OD昇竜,2592,0,2
下中K,カウンター,6,0,下中K→CR→立ち大P→中ジャスト→DDT,3046,0,1
下中K,カウンター,6,0,下中K→CR→立ち大P→エアフラ→引き大P→下大P→中ジャスト→大昇竜,2790,0,2
下中K,ノーマル,6,1,下中K→CR→下中P→下大P→中ジャスト→DR→立ち大P→CR→引き大P→弱ジャスト→SA1,3193,0,1
下中K,ノーマル,6,1,下中K→CR下中P→下大P→CR引き大P→下大P→弱ジャスト→J中P→エアフラ→SA1,2973,0,2
下中K,カウンター,6,1,下中K→CR立ち大P→中ジャスト→DR→立ち大P→CR引き大P→弱ジャスト→SA1,3424,0,1
下中K,カウンター,6,1,下中K→CR立ち大P→CR引き大P→下大P→弱ジャスト→J中P→エアフラ→SA1,3179,0,2
下中K,パニッシュ,6,1,下中K→CR立ち大P→中ジャスト→DR→立ち大P→CR引き大P→弱ジャスト→SA1,3424,0,1
下中K,パニッシュ,6,1,下中K→CR立ち大P→CR引き大P→下大P→弱ジャスト→J中P→エアフラ→SA1,3179,0,2
下中K,ノーマル,6,2,下中K→CR下中P→下大P→中ジャスト→DR→立ち大P→CR引き大P→弱ジャスト→SA2,3713,0,1
下中K,ノーマル,6,2,下中K→CR下中P→下大P→CR引き大P→下大P→弱ジャスト→J中P→エアフラ→SA2,3493,0,2
下中K,カウンター,6,2,下中K→CR立ち大P→中ジャスト→DR→立ち大P→CR引き大P→弱ジャスト→SA2,3944,0,1
下中K,カウンター,6,2,下中K→CR立ち大P→CR引き大P→下大P→弱ジャスト→J中P→エアフラ→SA2,3699,0,2
下中K,パニッシュ,6,2,下中K→CR立ち大P→中ジャスト→DR→立ち大P→CR引き大P→弱ジャスト→SA2,3944,0,1
下中K,パニッシュ,6,2,下中K→CR立ち大P→CR引き大P→下大P→弱ジャスト→J中P→エアフラ→SA2,3699,0,2
下中K,ノーマル,6,3,下中K→CR下中P→下大P→中ジャスト→DR→立ち大P→CR引き大P→弱ジャスト→大フラ→SA3,4673,0,1
下中K,ノーマル,6,3,下中K→CR→下中P→下大P→CR→引き大P→下大P→弱ジャスト→J中P→エアフラ→SA3,4373,0,2
下中K,カウンター,6,3,下中K→CR→立ち大P→中ジャスト→DR→立ち大P→CR→引き大P→弱ジャスト→大フラ→SA3,4994,0,1
下中K,カウンター,6,3,下中K→CR→立ち大P→弱ジャスト→DR→立ち大P→CR→立ち大P→大ジャスト→SA3,4667,0,2
下中K,パニッシュ,6,3,下中K→CR→立ち大P→中ジャスト→DR→立ち大P→CR→引き大P→弱ジャスト→大フラ→SA3,4994,0,1
下中K,パニッシュ,6,3,下中K→CR→立ち大P→弱ジャスト→DR→立ち大P→CR→立ち大P→大ジャスト→SA3,4667,0,2
下中K,ノーマル,6,CA,下中K→CR下中P→下大P→中ジャスト→DR→立ち大P→CR引き大P→弱ジャスト→大フラ→SA3,4923,0,1
下中K,ノーマル,6,CA,下中K→CR→下中P→下大P→CR→引き大P→下大P→弱ジャスト→J中P→エアフラ→SA3,4623,0,2
下中K,カウンター,6,CA,下中K→CR→立ち大P→中ジャスト→DR→立ち大P→CR→引き大P→弱ジャスト→大フラ→SA3,5244,0,1
下中K,カウンター,6,CA,下中K→CR→立ち大P→弱ジャスト→DR→立ち大P→CR→立ち大P→大ジャスト→SA3,4917,0,2
下中K,パニッシュ,6,CA,下中K→CR→立ち大P→中ジャスト→DR→立ち大P→CR→引き大P→弱ジャスト→大フラ→SA3,5244,0,1
下中K,パニッシュ,6,CA,下中K→CR→立ち大P→弱ジャスト→DR→立ち大P→CR→立ち大P→大ジャスト→SA3,4917,0,2
立ち大P,ノーマル,0,0,立ち大P→弱ジャスト→大フラ,2360,0,1
立ち大P,ノーマル,0,0,立ち大P→弱ジャスト→J中P→エアフラ→弱昇竜,3020,0,2
立ち大P,カウンター,0,0,立ち大P→弱ジャスト→大フラ,2520,0,1
立ち大P,カウンター,0,0,立ち大P→弱ジャスト→J中P→エアフラ→弱昇竜,3180,0,2
立ち大P,パニッシュ,0,0,立ち大P→中ジャスト→弱ジャスト→大フラ,3360,0,1
立ち大P,パニッシュ,0,0,立ち大P→弱ジャスト→J中P→エアフラ→弱昇竜,3180,0,2
立ち大P,ノーマル,0,1,立ち大P→弱ジャスト→SA1,3060,0,1
立ち大P,ノーマル,0,1,立ち大P→弱ジャスト→J中P→エアフラ→SA1,3570,0,2
立ち大P,カウンター,0,1,立ち大P→弱ジャスト→SA1,3220,0,1
立ち大P,カウンター,0,1,立ち大P→弱ジャスト→J中P→エアフラ→SA1,3730,0,2
立ち大P,パニッシュ,0,1,立ち大P→中ジャスト→弱ジャスト→SA1,3960,0,1
立ち大P,パニッシュ,0,1,立ち大P→弱ジャスト→J中P→エアフラ→SA1,3730,0,2
立ち大P,ノーマル,0,2,立ち大P→弱ジャスト→SA2,3228,0,1
立ち大P,ノーマル,0,2,立ち大P→弱ジャスト→J中P→エアフラ→SA2,3970,0,2
立ち大P,カウンター,0,2,立ち大P→弱ジャスト→SA2,3388,0,1
立ち大P,カウンター,0,2,立ち大P→弱ジャスト→J中P→エアフラ→SA2,4130,0,2
立ち大P,パニッシュ,0,2,立ち大P→中ジャスト→SA2,4300,0,0
立ち大P,ノーマル,0,3,立ち大P→弱ジャスト→大フラ→SA3,4360,0,1
立ち大P,ノーマル,0,3,立ち大P→弱ジャスト→J中P→エアフラ→SA3,4570,0,2
立ち大P,カウンター,0,3,立ち大P→弱ジャスト→大フラ→SA3,4520,0,1
立ち大P,カウンター,0,3,立ち大P→弱ジャスト→J中P→エアフラ→SA3,4730,0,2
立ち大P,パニッシュ,0,3,立ち大P→中ジャスト→弱ジャスト→大フラ→SA3,5360,0,1
立ち大P,パニッシュ,0,3,立ち大P→弱ジャスト→J中P→エアフラ→SA3,4730,0,2
立ち大P,ノーマル,0,CA,立ち大P→弱ジャスト→大フラ→SA3,4610,0,1
立ち大P,ノーマル,0,CA,立ち大P→弱ジャスト→J中P→エアフラ→SA3,4820,0,2
立ち大P,カウンター,0,CA,立ち大P→弱ジャスト→大フラ→SA3,4770,0,1
立ち大P,カウンター,0,CA,立ち大P→弱ジャスト→J中P→エアフラ→SA3,4980,0,2
立ち大P,パニッシュ,0,CA,立ち大P→中ジャスト→弱ジャスト→大フラ→SA3,5610,0,1
立ち大P,パニッシュ,0,CA,立ち大P→弱ジャスト→J中P→エアフラ→SA3,4980,0,2
立ち大P,ノーマル,1,0,立ち大P→CR引き大P→下大P→中ジャスト→弱ジャスト→大フラ,3316,0,1
立ち大P,ノーマル,1,0,立ち大P→CR引き大P→下大P→中ジャスト→大昇竜,3180,0,2
立ち大P,カウンター,1,0,立ち大P→CR引き大P→下大P→中ジャスト→弱ジャスト→大フラ,3476,0,1
立ち大P,カウンター,1,0,立ち大P→CR引き大P→下大P→中ジャスト→大昇竜,3340,0,2
立ち大P,パニッシュ,1,0,立ち大P→中ジャスト→DR→立ち大P→大フラ,3548,0,1
立ち大P,パニッシュ,1,0,立ち大P→CR引き大P→下大P→中ジャスト→大昇竜,3340,0,2
立ち大P,ノーマル,1,1,立ち大P→CR引き大P→下大P→中ジャスト→弱ジャスト→SA1,3626,0,1
立ち大P,ノーマル,1,1,立ち大P→CR引き大P→下大P→弱ジャスト→J中P→エアフラ→SA1,3570,0,2
立ち大P,カウンター,1,1,立ち大P→CR引き大P→下大P→中ジャスト→弱ジャスト→SA1,3786,0,1
立ち大P,カウンター,1,1,立ち大P→CR引き大P→下大P→弱ジャスト→J中P→エアフラ→SA1,3730,0,2
立ち大P,パニッシュ,1,1,立ち大P→中ジャスト→弱ジャスト→SA1,3960,0,1
立ち大P,パニッシュ,1,1,立ち大P→CR引き大P→下大P→弱ジャスト→J中P→エアフラ→SA1,3730,0,2
立ち大P,ノーマル,1,2,立ち大P→CR引き大P→下大P→中ジャスト→前ステSA2,3916,0,1
立ち大P,ノーマル,1,2,立ち大P→CR引き大P→下大P→弱ジャスト→J中P→エアフラ→SA2,4090,0,2
立ち大P,カウンター,1,2,立ち大P→CR引き大P→下大P→中ジャスト→前ステSA2,4076,0,1
立ち大P,カウンター,1,2,立ち大P→CR引き大P→下大P→弱ジャスト→J中P→エアフラ→SA2,4250,0,2
立ち大P,パニッシュ,1,2,立ち大P→中ジャスト→ODチェイサー→SA2,4852,0,1
立ち大P,パニッシュ,1,2,立ち大P→中ジャスト→SA2,4300,0,2
立ち大P,ノーマル,1,3,立ち大→CR引き大P→下大P→中ジャスト→弱ジャスト→大フラ→SA3,5316,0,1
立ち大P,ノーマル,1,3,立ち大P→CR下大P→弱ジャスト→J中P→エアフラ→SA3,4970,0,2
立ち大P,カウンター,1,3,立ち大→CR引き大P→下大P→中ジャスト→弱ジャスト→大フラ→SA3,5476,0,1
立ち大P,カウンター,1,3,立ち大P→CR下大P→弱ジャスト→J中P→エアフラ→SA3,5130,0,2
立ち大P,パニッシュ,1,3,立ち大P→中ジャスト→DR→立ち大P→大ジャスト→SA3,5548,0,1
立ち大P,パニッシュ,1,3,立ち大P→CR引き大P→下大P→弱ジャスト→J中P→エアフラ→SA3,5130,0,2
立ち大P,ノーマル,1,CA,立ち大→CR引き大P→下大P→中ジャスト→弱ジャスト→大フラ→SA3,5566,0,1
立ち大P,ノーマル,1,CA,立ち大P→CR下大P→弱ジャスト→J中P→エアフラ→SA3,5220,0,2
立ち大P,カウンター,1,CA,立ち大→CR引き大P→下大P→中ジャスト→弱ジャスト→大フラ→SA3,5726,0,1
立ち大P,カウンター,1,CA,立ち大P→CR下大P→弱ジャスト→J中P→エアフラ→SA3,5380,0,2
立ち大P,パニッシュ,1,CA,立ち大P→中ジャスト→DR→立ち大P→大ジャスト→SA3,5798,0,1
立ち大P,パニッシュ,1,CA,立ち大P→CR下大P→弱ジャスト→J中P→エアフラ→SA3,5380,0,2
立ち大P,ノーマル,2,0,立ち大P→CR引き大P→下大P→中ジャスト→弱ジャスト→大フラ,3316,0,1
立ち大P,ノーマル,2,0,立ち大P→弱ジャスト→DR→立ち大P→DR→立ち大P→大ジャスト,3212,0,2
立ち大P,カウンター,2,0,立ち大P→CR引き大P→下大P→中ジャスト→弱ジャスト→大フラ,3476,0,1
立ち大P,カウンター,2,0,立ち大P→弱ジャスト→DR→立ち大P→DR→立ち大P→大ジャスト,3372,0,2
立ち大P,パニッシュ,2,0,立ち大P→弱ジャスト→DR→立ち大P→DR→立ち大P→大ジャスト,3857,0,1
立ち大P,パニッシュ,2,0,立ち大P→弱ジャスト→DR→立ち大P→DR→立ち大P→大ジャスト,3372,0,2
立ち大P,ノーマル,2,1,立ち大P→CR引き大P→下大P→中ジャスト→弱ジャスト→SA1,3626,0,1
立ち大P,ノーマル,2,1,立ち大P→CR引き大P→下大P→弱ジャスト→J中P→エアフラ→SA1,3570,0,2
立ち大P,カウンター,2,1,立ち大P→CR引き大P→下大P→中ジャスト→弱ジャスト→SA1,3786,0,1
立ち大P,カウンター,2,1,立ち大P→弱ジャスト→DR→立ち大P→CR立ち大P→中ジャスト→SA1,3842,0,2
立ち大P,パニッシュ,2,1,立ち大P→中ジャスト→DR→立ち大P→CR引き大P→弱ジャスト→SA1,4197,0,1
立ち大P,パニッシュ,2,1,立ち大P→弱ジャスト→DR→立ち大P→CR立ち大P→中ジャスト→SA1,3842,0,2
立ち大P,ノーマル,2,2,立ち大P→弱ジャスト→ODチェイサー→SA2,4068,0,1
立ち大P,ノーマル,2,2,立ち大P→弱ジャスト→DR→立ち大P→CR立ち大P→中ジャスト→SA2,4122,0,2
立ち大P,カウンター,2,2,立ち大P→弱ジャスト→ODチェイサー→SA2,4228,0,1
立ち大P,カウンター,2,2,立ち大P→弱ジャスト→DR→立ち大P→CR立ち大P→中ジャスト→SA2,4282,0,2
立ち大P,パニッシュ,2,2,立ち大P→中ジャスト→ODチェイサー→SA2,4784,0,1
立ち大P,パニッシュ,2,2,立ち大P→中ジャスト→SA2,4300,0,2
立ち大P,ノーマル,2,3,立ち大→CR引き大P→下大P→中ジャスト→弱ジャスト→大フラ→SA3,5316,0,1
立ち大P,ノーマル,2,3,立ち大P→弱ジャスト→DR→立ち大P→CR立ち大P→大ジャスト→SA3,5212,0,2
立ち大P,カウンター,2,3,立ち大→CR引き大P→下大P→中ジャスト→弱ジャスト→大フラ→SA3,5476,0,1
立ち大P,カウンター,2,3,立ち大P→弱ジャスト→DR→立ち大P→CR→立ち大P→大ジャスト→SA3,5372,0,2
立ち大P,パニッシュ,2,3,立ち大P→中ジャスト→DR→立ち大P→CR引き大P→弱ジャスト→大フラ→SA3,5857,0,1
立ち大P,パニッシュ,2,3,立ち大P→弱ジャスト→DR→立ち大P→CR立ち大P→大ジャスト→SA3,5372,0,2
立ち大P,ノーマル,2,CA,立ち大→CR引き大P→下大P→中ジャスト→弱ジャスト→大フラ→SA3,5566,0,1
立ち大P,ノーマル,2,CA,立ち大P→弱ジャスト→DR→立ち大P→CR立ち大P→大ジャスト→SA3,5462,0,2
立ち大P,カウンター,2,CA,立ち大→CR引き大P→下大P→中ジャスト→弱ジャスト→大フラ→SA3,5726,0,1
立ち大P,カウンター,2,CA,立ち大P→弱ジャスト→DR→立ち大P→CR立ち大P→大ジャスト→SA3,5622,0,2
立ち大P,パニッシュ,2,CA,立ち大P→中ジャスト→DR→立ち大P→CR引き大P→弱ジャスト→大フラ→SA3,6107,0,1
立ち大P,パニッシュ,2,CA,立ち大P→弱ジャスト→DR→立ち大P→CR立ち大P→大ジャスト→SA3,5622,0,2
立ち大P,ノーマル,3,0,立ち大P→弱ジャスト→DDT,3440,0,0
立ち大P,カウンター,3,0,立ち大P→弱ジャスト→DDT,3600,0,0
立ち大P,パニッシュ,3,0,立ち大P→中ジャスト→DDT,4130,0,1
立ち大P,パニッシュ,3,0,立ち大P→弱ジャスト→DDT,3600,0,2
立ち大P,ノーマル,3,1,立ち大P→CR引き大P→下大P→中ジャスト→弱ジャスト→SA1,3626,0,1
立ち大P,ノーマル,3,1,立ち大P→CR引き大P→下大P→弱ジャスト→J中P→エアフラ→SA1,3570,0,2
立ち大P,カウンター,2,1,立ち大P→CR引き大P→下大P→中ジャスト→弱ジャスト→SA1,3786,0,1
立ち大P,カウンター,2,1,立ち大P→弱ジャスト→DR→立ち大P→CR立ち大P→中ジャスト→SA1,3842,0,2
立ち大P,パニッシュ,3,1,立ち大P→中ジャスト→DR→立ち大P→CR引き大P→弱ジャスト→SA1,4197,0,1
立ち大P,パニッシュ,3,1,立ち大P→弱ジャスト→DR→立ち大P→CR立ち大P→中ジャスト→SA1,3842,0,2
立ち大P,ノーマル,3,2,立ち大P→弱ジャスト→ODチェイサー→SA2,4068,0,1
立ち大P,ノーマル,3,2,立ち大P→弱ジャスト→DR→立ち大P→CR立ち大P→中ジャスト→SA2,4122,0,2
立ち大P,カウンター,3,2,立ち大P→弱ジャスト→ODチェイサー→SA2,4228,0,1
立ち大P,カウンター,3,2,立ち大P→弱ジャスト→DR→立ち大P→CR立ち大P→中ジャスト→SA2,4282,0,2
立ち大P,パニッシュ,3,2,立ち大P→中ジャスト→ODチェイサー→SA2,4784,0,1
立ち大P,パニッシュ,3,2,立ち大P→中ジャスト→SA2,4300,0,2
立ち大P,ノーマル,3,3,立ち大→CR引き大P→下大P→中ジャスト→弱ジャスト→大フラ→SA3,5316,0,1
立ち大P,ノーマル,3,3,立ち大P→弱ジャスト→DR→立ち大P→CR立ち大P→大ジャスト→SA3,5212,0,2
立ち大P,カウンター,3,3,立ち大→CR引き大P→下大P→中ジャスト→弱ジャスト→大フラ→SA3,5476,0,1
立ち大P,カウンター,3,3,立ち大P→弱ジャスト→DR→立ち大P→CR立ち大P→大ジャスト→SA3,5372,0,2
立ち大P,パニッシュ,3,3,立ち大P→中ジャスト→DR→立ち大P→CR引き大P→弱ジャスト→大フラ→SA3,5857,0,1
立ち大P,パニッシュ,3,3,立ち大P→弱ジャスト→DR→立ち大P→CR立ち大P→大ジャスト→SA3,5372,0,2
立ち大P,ノーマル,3,CA,立ち大→CR引き大P→下大P→中ジャスト→弱ジャスト→大フラ→SA3,5566,0,1
立ち大P,ノーマル,3,CA,立ち大P→弱ジャスト→DR→立ち大P→CR立ち大P→大ジャスト→SA3,5462,0,2
立ち大P,カウンター,3,CA,立ち大→CR引き大P→下大P→中ジャスト→弱ジャスト→大フラ→SA3,5726,0,1
立ち大P,カウンター,3,CA,立ち大P→弱ジャスト→DR→立ち大P→CR立ち大P→大ジャスト→SA3,5622,0,2
立ち大P,パニッシュ,3,CA,立ち大P→中ジャスト→DR→立ち大P→CR引き大P→弱ジャスト→大フラ→SA3,6107,0,1
立ち大P,パニッシュ,3,CA,立ち大P→弱ジャスト→DR→立ち大P→CR立ち大P→大ジャスト→SA3,5622,0,2
立ち大P,ノーマル,4,0,立ち大P→CR引き大P→下大P→中ジャスト→DR→立ち大P→大ジャスト,3604,0,1
立ち大P,ノーマル,4,0,立ち大P→弱ジャスト→DDT,3440,0,2
立ち大P,カウンター,4,0,立ち大P→CR→引き大P→下大P→中ジャスト→DR→立ち大P→大ジャスト,3764,0,1
立ち大P,カウンター,4,0,立ち大P→弱ジャスト→DDT,3600,0,2
立ち大P,パニッシュ,4,0,立ち大P→中ジャスト→DDT,4130,0,1
立ち大P,パニッシュ,4,0,立ち大P→弱ジャスト→DDT,3600,0,2
立ち大P,ノーマル,4,1,立ち大P→CR引き大P→下大P→CR引き大P→下大P→中ジャスト→弱ジャスト→SA1,4015,0,1
立ち大P,ノーマル,4,1,立ち大P→CR引き大P→下大P→CR引き大P→下大P→弱ジャスト→J中P→エアフラ→SA1,3895,0,2
立ち大P,カウンター,4,1,立ち大P→CR引き大P→下大P→CR引き大P→下大P→中ジャスト→弱ジャスト→SA1,4175,0,1
立ち大P,カウンター,4,1,立ち大P→CR引き大P→下大P→CR引き大P→下大P→弱ジャスト→J中P→エアフラ→SA1,4055,0,2
立ち大P,パニッシュ,4,1,立ち大P→中ジャスト→DR→立ち大P→CR引き大P→弱ジャスト→SA1,4197,0,1
立ち大P,パニッシュ,4,1,立ち大P→CR引き大P→下大P→CR引き大P→下大P→弱ジャスト→J中P→エアフラ→SA1,4055,0,2
立ち大P,ノーマル,4,2,立ち大P→CR引き大P→下大P→中ジャスト→弱ジャスト→ODチェイサー→SA2,4445,0,1
立ち大P,ノーマル,4,2,立ち大P→CR引き大P→下大P→CR引き大P→下大P→弱ジャスト→J中P→エアフラ→SA2,4415,0,2
立ち大P,カウンター,4,2,立ち大P→CR引き大P→下大P→中ジャスト→弱ジャスト→ODチェイサー→SA2,4605,0,1
立ち大P,カウンター,4,2,立ち大P→CR引き大P→下大P→CR引き大P→下大P→弱ジャスト→J中P→エアフラ→SA2,4575,0,2
立ち大P,パニッシュ,4,2,立ち大P→中ジャスト→ODチェイサー→SA2,4852,0,1
立ち大P,パニッシュ,4,2,立ち大P→CR引き大P→下大P→CR引き大P→下大P→弱ジャスト→J中P→エアフラ→SA2,4575,0,2
立ち大P,ノーマル,4,3,立ち大P→CR引き大P→下大P→中ジャスト→DR→立ち大P→大ジャスト,5604,0,1
立ち大P,ノーマル,4,3,立ち大P→CR引き大P→下大P→CR引き大P→下大P→弱ジャスト→J中P→エアフラ→SA3,5295,0,2
立ち大P,カウンター,4,3,立ち大P→CR引き大P→下大P→中ジャスト→DR→立ち大P→大ジャスト,5764,0,1
立ち大P,カウンター,4,3,立ち大P→CR引き大P→下大P→CR引き大P→下大P→弱ジャスト→J中P→エアフラ→SA3,5455,0,2
立ち大P,パニッシュ,4,3,立ち大P→中ジャスト→DR→立ち大P→CR引き大P→弱ジャスト→大フラ→SA3,5857,0,1
立ち大P,パニッシュ,4,3,立ち大P→CR引き大P→下大P→中ジャスト→DR→立ち大P→大ジャスト,5764,0,2
立ち大P,ノーマル,4,CA,立ち大P→CR引き大P→下大P→中ジャスト→DR→立ち大P→大ジャスト,5854,0,1
立ち大P,ノーマル,4,CA,立ち大P→CR引き大P→下大P→CR引き大P→下大P→弱ジャスト→J中P→エアフラ→SA3,5545,0,2
立ち大P,カウンター,4,CA,立ち大P→CR引き大P→下大P→中ジャスト→DR→立ち大P→大ジャスト,6014,0,1
立ち大P,カウンター,4,CA,立ち大P→CR引き大P→下大P→CR引き大P→下大P→弱ジャスト→J中P→エアフラ→SA3,5705,0,2
立ち大P,パニッシュ,4,CA,立ち大P→中ジャスト→DR→立ち大P→CR引き大P→弱ジャスト→大フラ→SA3,6107,0,1
立ち大P,パニッシュ,4,CA,立ち大P→CR引き大P→下大P→中ジャスト→DR→立ち大P→大ジャスト,6014,0,2
立ち大P,ノーマル,5,0,立ち大P→CR→引き大P→下大P→中ジャスト→DR→立ち大P→CR引き大P→弱ジャスト→大フラ,3665,0,1
立ち大P,ノーマル,5,0,立ち大P→CR引き大P→下大P→CR引き大P→下大P→中ジャスト→大昇竜,3506,0,2
立ち大P,カウンター,5,0,立ち大P→CR→引き大P→下大P→中ジャスト→DR→立ち大P→CR引き大P→弱ジャスト→大フラ,3825,0,1
立ち大P,カウンター,5,0,立ち大P→CR引き大P→下大P→CR引き大P→下大P→中ジャスト→大昇竜,3666,0,2
立ち大P,パニッシュ,5,0,立ち大P→中ジャスト→DDT,4130,0,1
立ち大P,パニッシュ,5,0,立ち大P→CR引き大P→下大P→CR引き大P→下大P→中ジャスト→大昇竜,3666,0,2
立ち大P,ノーマル,5,1,立ち大P→CR→引き大P→下大P→中ジャスト→DR→立ち大P→CR引き大P→弱ジャスト→SA1,4145,0,1
立ち大P,ノーマル,5,1,立ち大P→CR引き大P→下大P→CR引き大P→下大P→弱ジャスト→J中P→エアフラ→SA1,3895,0,2
立ち大P,カウンター,5,1,立ち大P→CR→引き大P→下大P→中ジャスト→DR→立ち大P→CR引き大P→弱ジャスト→SA1,4305,0,1
立ち大P,カウンター,5,1,立ち大P→CR引き大P→下大P→CR引き大P→下大P→弱ジャスト→J中P→エアフラ→SA1,4055,0,2
立ち大P,パニッシュ,5,1,立ち大P→中ジャスト→DR→立ち大P→CR引き大P→CR引き大P→弱ジャスト→SA1,4446,0,1
立ち大P,パニッシュ,5,1,立ち大P→CR引き大P→下大P→CR引き大P→下大P→弱ジャスト→J中P→エアフラ→SA1,4055,0,2
立ち大P,ノーマル,5,2,立ち大P→CR引き大P→下大P→中ジャスト→DR→立ち大P→CR→引き大P→弱ジャスト→SA2,4665,0,1
立ち大P,ノーマル,5,2,立ち大P→CR引き大P→下大P→CR引き大P→下大P→弱ジャスト→J中P→エアフラ→SA2,4415,0,2
立ち大P,カウンター,5,2,立ち大P→CR引き大P→下大P→中ジャスト→DR→立ち大P→CR→引き大P→弱ジャスト→SA2,4825,0,1
立ち大P,カウンター,5,2,立ち大P→CR引き大P→下大P→CR引き大P→下大P→弱ジャスト→J中P→エアフラ→SA2,4575,0,2
立ち大P,パニッシュ,5,2,立ち大P→中ジャスト→DR→立ち大P→CR引き大P→CR引き大P→弱ジャスト→SA2,4966,0,1
立ち大P,パニッシュ,5,2,立ち大P→CR引き大P→下大P→CR引き大P→下大P→弱ジャスト→J中P→エアフラ→SA2,4575,0,2
立ち大P,ノーマル,5,3,立ち大P→CR引き大P→下大P→中ジャスト→DR→立ち大P→CR→引き大P→弱ジャスト→大フラ→SA3,5665,0,1
立ち大P,ノーマル,5,3,立ち大P→弱ジャスト→DR→立ち大P→CR引き大P→CR立ち大P→大ジャスト→SA3,5420,0,2
立ち大P,カウンター,5,3,立ち大P→CR引き大P→下大P→中ジャスト→DR→立ち大P→CR→引き大P→弱ジャスト→大フラ→SA3,5825,0,1
立ち大P,カウンター,5,3,立ち大P→弱ジャスト→DR→立ち大P→CR引き大P→CR立ち大P→大ジャスト→SA3,5580,0,2
立ち大P,パニッシュ,5,3,立ち大P→中ジャスト→DR→立ち大P→CR引き大P→CR引き大P→弱ジャスト→大フラ→SA3,6096,0,1
立ち大P,パニッシュ,5,3,立ち大P→弱ジャスト→DR→立ち大P→CR引き大P→CR立ち大P→大ジャスト→SA3,5580,0,2
立ち大P,ノーマル,5,CA,立ち大P→CR引き大P→下大P→中ジャスト→DR→立ち大P→CR→引き大P→弱ジャスト→大フラ→SA3,5915,0,1
立ち大P,ノーマル,5,CA,立ち大P→弱ジャスト→DR→立ち大P→CR引き大P→CR立ち大P→大ジャスト→SA3,5670,0,2
立ち大P,カウンター,5,CA,立ち大P→CR引き大P→下大P→中ジャスト→DR→立ち大P→CR→引き大P→弱ジャスト→大フラ→SA3,6075,0,1
立ち大P,カウンター,5,CA,立ち大P→弱ジャスト→DR→立ち大P→CR引き大P→CR立ち大P→大ジャスト→SA3,5830,0,2
立ち大P,パニッシュ,5,CA,立ち大P→中ジャスト→DR→立ち大P→CR引き大P→CR引き大P→弱ジャスト→大フラ→SA3,6346,0,1
立ち大P,パニッシュ,5,CA,立ち大P→弱ジャスト→DR→立ち大P→CR引き大P→CR立ち大P→大ジャスト→SA3,5830,0,2
立ち大P,ノーマル,6,0,立ち大P→CR引き大P→立ち小P→中ジャスト→DDT,3762,0,1
立ち大P,ノーマル,6,0,立ち大P→CR引き大P→下大P→CR引き大P→下大P→中ジャスト→大昇竜,3506,0,2
立ち大P,カウンター,6,0,立ち大P→CR引き大P→立ち小P→中ジャスト→DDT,3922,0,1
立ち大P,カウンター,6,0,立ち大P→CR引き大P→下大P→CR引き大P→下大P→中ジャスト→大昇竜,3666,0,2
立ち大P,パニッシュ,6,0,立ち大P→中ジャスト→DDT,4130,0,1
立ち大P,パニッシュ,6,0,立ち大P→CR引き大P→下大P→CR引き大P→下大P→中ジャスト→大昇竜,3666,0,2
立ち大P,ノーマル,6,1,立ち大P→CR→引き大P→下大P→中ジャスト→DR→立ち大P→CR引き大P→弱ジャスト→SA1,4145,0,1
立ち大P,ノーマル,6,1,立ち大P→CR引き大P→下大P→CR引き大P→下大P→弱ジャスト→J中P→エアフラ→SA1,3895,0,2
立ち大P,カウンター,6,1,立ち大P→CR→引き大P→下大P→中ジャスト→DR→立ち大P→CR引き大P→弱ジャスト→SA1,4305,0,1
立ち大P,カウンター,6,1,立ち大P→CR引き大P→下大P→CR引き大P→下大P→弱ジャスト→J中P→エアフラ→SA1,4055,0,2
立ち大P,パニッシュ,6,1,立ち大P→中ジャスト→DR→立ち大P→CR引き大P→CR引き大P→弱ジャスト→SA1,4446,0,1
立ち大P,パニッシュ,6,1,立ち大P→CR引き大P→下大P→CR引き大P→下大P→弱ジャスト→J中P→エアフラ→SA1,4055,0,2
立ち大P,ノーマル,6,2,立ち大P→CR引き大P→下大P→中ジャスト→DR→立ち大P→CR→引き大P→弱ジャスト→SA2,4665,0,1
立ち大P,ノーマル,6,2,立ち大P→CR引き大P→下大P→CR引き大P→下大P→弱ジャスト→J中P→エアフラ→SA2,4415,0,2
立ち大P,カウンター,6,2,立ち大P→CR引き大P→下大P→中ジャスト→DR→立ち大P→CR→引き大P→弱ジャスト→SA2,4825,0,1
立ち大P,カウンター,6,2,立ち大P→CR引き大P→下大P→CR引き大P→下大P→弱ジャスト→J中P→エアフラ→SA2,4575,0,2
立ち大P,パニッシュ,6,2,立ち大P→中ジャスト→DR→立ち大P→CR引き大P→CR引き大P→弱ジャスト→SA2,4966,0,1
立ち大P,パニッシュ,6,2,立ち大P→CR引き大P→下大P→CR引き大P→下大P→弱ジャスト→J中P→エアフラ→SA2,4575,0,2
立ち大P,ノーマル,6,3,立ち大P→CR引き大P→下大P→中ジャスト→DR→立ち大P→CR→引き大P→弱ジャスト→大フラ→SA3,5665,0,1
立ち大P,ノーマル,6,3,立ち大P→弱ジャスト→DR→立ち大P→CR引き大P→CR立ち大P→大ジャスト→SA3,5420,0,2
立ち大P,カウンター,6,3,立ち大P→CR引き大P→下大P→中ジャスト→DR→立ち大P→CR→引き大P→弱ジャスト→大フラ→SA3,5825,0,1
立ち大P,カウンター,6,3,立ち大P→弱ジャスト→DR→立ち大P→CR引き大P→CR立ち大P→大ジャスト→SA3,5580,0,2
立ち大P,パニッシュ,6,3,立ち大P→中ジャスト→DR→立ち大P→CR引き大P→CR引き大P→弱ジャスト→大フラ→SA3,6096,0,1
立ち大P,パニッシュ,6,3,立ち大P→弱ジャスト→DR→立ち大P→CR引き大P→CR立ち大P→大ジャスト→SA3,5580,0,2
立ち大P,ノーマル,6,CA,立ち大P→CR引き大P→下大P→中ジャスト→DR→立ち大P→CR→引き大P→弱ジャスト→大フラ→SA3,5915,0,1
立ち大P,ノーマル,6,CA,立ち大P→弱ジャスト→DR→立ち大P→CR引き大P→CR立ち大P→大ジャスト→SA3,5670,0,2
立ち大P,カウンター,6,CA,立ち大P→CR引き大P→下大P→中ジャスト→DR→立ち大P→CR→引き大P→弱ジャスト→大フラ→SA3,6075,0,1
立ち大P,カウンター,6,CA,立ち大P→弱ジャスト→DR→立ち大P→CR引き大P→CR立ち大P→大ジャスト→SA3,5830,0,2
立ち大P,パニッシュ,6,CA,立ち大P→中ジャスト→DR→立ち大P→CR引き大P→CR引き大P→弱ジャスト→大フラ→SA3,6346,0,1
立ち大P,パニッシュ,6,CA,立ち大P→弱ジャスト→DR→立ち大P→CR引き大P→CR立ち大P→大ジャスト→SA3,5830,0,2
下大P ,ノーマル,0,0,下大P →中ジャスト→弱ジャスト→大フラ,3200,0,1
下大P ,ノーマル,0,0,下大P →弱ジャスト→J中P→エアフラ→弱昇竜,3020,0,2
下大P ,カウンター,0,0,下大P →中ジャスト→弱ジャスト→大フラ,3360,0,1
下大P ,カウンター,0,0,下大P →弱ジャスト→J中P→エアフラ→弱昇竜,3180,0,2
下大P ,パニッシュ,0,0,下大P →中ジャスト→弱ジャスト→大フラ,3360,0,1
下大P ,パニッシュ,0,0,下大P →弱ジャスト→J中P→エアフラ→弱昇竜,3180,0,2
下大P ,ノーマル,0,1,下大P →中ジャスト→弱ジャスト→SA1,3800,0,1
下大P ,ノーマル,0,1,下大P →弱ジャスト→J中P→エアフラ→SA1,3570,0,2
下大P ,カウンター,0,1,下大P →中ジャスト→弱ジャスト→SA1,3960,0,1
下大P ,カウンター,0,1,下大P →弱ジャスト→J中P→エアフラ→SA1,3730,0,2
下大P ,パニッシュ,0,1,下大P →中ジャスト→弱ジャスト→SA1,3960,0,1
下大P ,パニッシュ,0,1,下大P →弱ジャスト→J中P→エアフラ→SA1,3730,0,2
下大P ,ノーマル,0,2,下大P →中ジャスト→前ステSA2,4140,0,0
下大P ,カウンター,0,2,下大P →中ジャスト→前ステSA2,4300,0,0
下大P ,パニッシュ,0,2,下大P →中ジャスト→前ステSA2,4300,0,0
下大P ,ノーマル,0,3,下大P →中ジャスト→弱ジャスト→大フラ→SA3,5200,0,1
下大P ,ノーマル,0,3,下大P →中ジャスト→SA3,4700,0,2
下大P ,カウンター,0,3,下大P →中ジャスト→弱ジャスト→大フラ→SA3,5360,0,1
下大P ,カウンター,0,3,下大P →中ジャスト→SA3,4860,0,2
下大P ,パニッシュ,0,3,下大P →中ジャスト→弱ジャスト→大フラ→SA3,5360,0,0
下大P ,ノーマル,0,CA,下大P →中ジャスト→弱ジャスト→大フラ→SA3,5450,0,1
下大P ,ノーマル,0,CA,下大P →中ジャスト→SA3,4950,0,2
下大P ,カウンター,0,CA,下大P →中ジャスト→弱ジャスト→大フラ→SA3,5610,0,1
下大P ,カウンター,0,CA,下大P →中ジャスト→SA3,5110,0,2
下大P ,パニッシュ,0,CA,下大P →中ジャスト→弱ジャスト→大フラ→SA3,5610,0,0
下大P ,ノーマル,1,0,下大P →弱ジャスト→DR→立ち大P→大ジャスト,3388,0,1
下大P ,ノーマル,1,0,下大P →CR引き大P→下大P→弱ジャスト→J中P→エアフラ→弱昇竜,3159,0,2
下大P ,カウンター,1,0,下大P →弱ジャスト→DR→立ち大P→大ジャスト,3548,0,1
下大P ,カウンター,1,0,下大P →CR引き大P→下大P→弱ジャスト→J中P→エアフラ→弱昇竜,3319,0,2
下大P ,パニッシュ,1,0,下大P →弱ジャスト→DR→立ち大P→大ジャスト,3548,0,1
下大P ,パニッシュ,1,0,下大P →CR引き大P→下大P→弱ジャスト→J中P→エアフラ→弱昇竜,3319,0,2
下大P ,ノーマル,1,1,下大P →中ジャスト→弱ジャスト→SA1,3800,0,1
下大P ,ノーマル,1,1,下大P →CR引き大P→下大P→弱ジャスト→J中P→エアフラ→SA1,3570,0,2
下大P ,カウンター,1,1,下大P →中ジャスト→弱ジャスト→SA1,3960,0,1
下大P ,カウンター,1,1,下大P →CR引き大P→下大P→弱ジャスト→J中P→エアフラ→SA1,3730,0,2
下大P ,パニッシュ,1,1,下大P →中ジャスト→弱ジャスト→SA1,3960,0,1
下大P ,パニッシュ,1,1,下大P →CR引き大P→下大P→弱ジャスト→J中P→エアフラ→SA1,3730,0,2
下大P ,ノーマル,1,2,下大P →中ジャスト→ODチェイサー→SA2,4900,1,1
下大P ,ノーマル,1,2,下大P →中ジャスト→ODチェイサー→SA2,4692,2,1
下大P ,ノーマル,1,2,下大P →中ジャスト→SA2,4140,0,2
下大P ,カウンター,1,2,下大P →中ジャスト→ODチェイサー→SA2,5060,1,1
下大P ,カウンター,1,2,下大P →中ジャスト→ODチェイサー→SA2,4852,2,1
下大P ,カウンター,1,2,下大P →中ジャスト→SA2,4300,0,2
下大P ,パニッシュ,1,2,下大P →中ジャスト→ODチェイサー→SA2,5060,1,1
下大P ,パニッシュ,1,2,下大P →中ジャスト→ODチェイサー→SA2,4852,2,1
下大P ,パニッシュ,1,2,下大P →中ジャスト→SA2,4300,0,2
下大P ,ノーマル,1,3,下大P →中ジャスト→DR→立ち大P→大ジャスト→SA3,5388,0,1
下大P ,ノーマル,1,3,下大P →CR引き大P→下大P→J中P→エアフラ→SA3,4970,0,2
下大P ,カウンター,1,3,下大P →中ジャスト→DR→立ち大P→大ジャスト→SA3,5548,0,1
下大P ,カウンター,1,3,下大P →CR引き大P→下大P→J中P→エアフラ→SA3,5130,0,2
下大P ,パニッシュ,1,3,下大P →中ジャスト→DR→立ち大P→大ジャスト→SA3,5548,0,1
下大P ,パニッシュ,1,3,下大P →CR引き大P→下大P→J中P→エアフラ→SA3,5130,0,2
下大P ,ノーマル,1,CA,下大P →中ジャスト→DR→立ち大P→大ジャスト→SA3,5638,0,1
下大P ,ノーマル,1,CA,下大P →CR引き大P→下大P→J中P→エアフラ→SA3,5220,0,2
下大P ,カウンター,1,CA,下大P →中ジャスト→DR→立ち大P→大ジャスト→SA3,5798,0,1
下大P ,カウンター,1,CA,下大P →CR引き大P→下大P→J中P→エアフラ→SA3,5380,0,2
下大P ,パニッシュ,1,CA,下大P →中ジャスト→DR→立ち大P→大ジャスト→SA3,5798,0,1
下大P ,パニッシュ,1,CA,下大P →CR引き大P→下大P→J中P→エアフラ→SA3,5380,0,2
下大P ,ノーマル,2,0,下大P →中ジャスト→DR→立ち大P→CR引き大P→大フラ,3697,0,1
下大P ,ノーマル,2,0,下大P →弱ジャスト→DR→立ち大P→CR立ち大P→大ジャスト,3212,0,2
下大P ,カウンター,2,0,下大P →中ジャスト→DR→立ち大P→CR引き大P→大フラ,3857,0,1
下大P ,カウンター,2,0,下大P →弱ジャスト→DR→立ち大P→CR立ち大P→大ジャスト,3372,0,2
下大P ,パニッシュ,2,0,下大P →中ジャスト→DR→立ち大P→CR引き大P→大フラ,3857,0,1
下大P ,パニッシュ,2,0,下大P →弱ジャスト→DR→立ち大P→CR立ち大P→大ジャスト,3372,0,2
下大P ,ノーマル,2,1,下大P →中ジャスト→DR→立ち大P→CR引き大P→弱ジャスト→SA1,4037,0,1
下大P ,ノーマル,2,1,下大P →弱ジャスト→DR→立ち大P→CR引き大P→中ジャスト→SA1,3682,0,2
下大P ,カウンター,2,1,下大P →中ジャスト→DR→立ち大P→CR引き大P→弱ジャスト→SA1,4197,0,1
下大P ,カウンター,2,1,下大P →弱ジャスト→DR→立ち大P→CR引き大P→中ジャスト→SA1,3842,0,2
下大P ,パニッシュ,2,1,下大P →中ジャスト→DR→立ち大P→CR引き大P→弱ジャスト→SA1,4197,0,1
下大P ,パニッシュ,2,1,下大P →弱ジャスト→DR→立ち大P→CR引き大P→中ジャスト→SA1,3842,0,2
下大P ,ノーマル,2,2,下大P →中ジャスト→ODチェイサー→SA2,4900,1,1
下大P ,ノーマル,2,2,下大P →中ジャスト→ODチェイサー→SA2,4692,2,1
下大P ,ノーマル,2,2,下大P →中ジャスト→SA2,4140,0,2
下大P ,カウンター,2,2,下大P →中ジャスト→ODチェイサー→SA2,5060,1,1
下大P ,カウンター,2,2,下大P →中ジャスト→ODチェイサー→SA2,4852,2,1
下大P ,カウンター,2,2,下大P →中ジャスト→SA2,4300,0,2
下大P ,パニッシュ,2,2,下大P →中ジャスト→ODチェイサー→SA2,5060,1,1
下大P ,パニッシュ,2,2,下大P →中ジャスト→ODチェイサー→SA2,4852,2,1
下大P ,パニッシュ,2,2,下大P →中ジャスト→SA2,4300,0,2
下大P ,ノーマル,2,3,下大P →中ジャスト→DR→立ち大P→CR引き大P→大フラ→SA3,5697,0,1
下大P ,ノーマル,2,3,下大P →弱ジャスト→DR→立ち大P→CR立ち大P→大ジャスト→SA3,5212,0,2
下大P ,カウンター,2,3,下大P →中ジャスト→DR→立ち大P→CR引き大P→大フラ→SA3,5697,0,1
下大P ,カウンター,2,3,下大P →弱ジャスト→DR→立ち大P→CR立ち大P→大ジャスト→SA3,5212,0,2
下大P ,パニッシュ,2,3,下大P →中ジャスト→DR→立ち大P→CR引き大P→大フラ→SA3,5697,0,1
下大P ,パニッシュ,2,3,下大P →弱ジャスト→DR→立ち大P→CR立ち大P→大ジャスト→SA3,5212,0,2
下大P ,ノーマル,2,CA,下大P →中ジャスト→DR→立ち大P→CR引き大P→大フラ→SA3,5947,0,1
下大P ,ノーマル,2,CA,下大P →弱ジャスト→DR→立ち大P→CR立ち大P→大ジャスト→SA3,5462,0,2
下大P ,カウンター,2,CA,下大P →中ジャスト→DR→立ち大P→CR引き大P→大フラ→SA3,5947,0,1
下大P ,カウンター,2,CA,下大P →弱ジャスト→DR→立ち大P→CR立ち大P→大ジャスト→SA3,5462,0,2
下大P ,パニッシュ,2,CA,下大P →中ジャスト→DR→立ち大P→CR引き大P→大フラ→SA3,5947,0,1
下大P ,パニッシュ,2,CA,下大P →弱ジャスト→DR→立ち大P→CR立ち大P→大ジャスト→SA3,5462,0,2
下大P ,ノーマル,3,0,下大P →中ジャスト→DDT,3970,0,1
下大P ,ノーマル,3,0,下大P →中ジャスト→OD昇竜,3440,0,2
下大P ,カウンター,3,0,下大P →中ジャスト→DDT,4130,0,1
下大P ,カウンター,3,0,下大P →中ジャスト→OD昇竜,3600,0,2
下大P ,パニッシュ,3,0,下大P →中ジャスト→DDT,4130,0,1
下大P ,パニッシュ,3,0,下大P →中ジャスト→OD昇竜,3600,0,2
下大P ,ノーマル,3,1,下大P →中ジャスト→DR→立ち大P→CR引き大P→弱ジャスト→SA1,4037,0,1
下大P ,ノーマル,3,1,下大P →弱ジャスト→DR→立ち大P→CR引き大P→中ジャスト→SA1,3682,0,2
下大P ,カウンター,3,1,下大P →中ジャスト→DR→立ち大P→CR引き大P→弱ジャスト→SA1,4197,0,1
下大P ,カウンター,3,1,下大P →弱ジャスト→DR→立ち大P→CR引き大P→中ジャスト→SA1,3842,0,2
下大P ,パニッシュ,3,1,下大P →中ジャスト→DR→立ち大P→CR引き大P→弱ジャスト→SA1,4197,0,1
下大P ,パニッシュ,3,1,下大P →弱ジャスト→DR→立ち大P→CR引き大P→中ジャスト→SA1,3842,0,2
下大P ,ノーマル,3,2,下大P →中ジャスト→ODチェイサー→SA2,4900,1,1
下大P ,ノーマル,3,2,下大P →中ジャスト→ODチェイサー→SA2,4692,2,1
下大P ,ノーマル,3,2,下大P →中ジャスト→SA2,4140,0,2
下大P ,カウンター,3,2,下大P →中ジャスト→ODチェイサー→SA2,5060,1,1
下大P ,カウンター,3,2,下大P →中ジャスト→ODチェイサー→SA2,4852,2,1
下大P ,カウンター,3,2,下大P →中ジャスト→SA2,4300,0,2
下大P ,パニッシュ,3,2,下大P →中ジャスト→ODチェイサー→SA2,5060,1,1
下大P ,パニッシュ,3,2,下大P →中ジャスト→ODチェイサー→SA2,4852,2,1
下大P ,ノーマル,3,3,下大P →中ジャスト→DR→立ち大P→CR引き大P→大フラ→SA3,5697,0,1
下大P ,ノーマル,3,3,下大P →弱ジャスト→DR→立ち大P→CR立ち大P→大ジャスト→SA3,5212,0,2
下大P ,カウンター,3,3,下大P →中ジャスト→DR→立ち大P→CR引き大P→大フラ→SA3,5697,0,1
下大P ,カウンター,3,3,下大P →弱ジャスト→DR→立ち大P→CR立ち大P→大ジャスト→SA3,5212,0,2
下大P ,パニッシュ,3,3,下大P →中ジャスト→DR→立ち大P→CR引き大P→大フラ→SA3,5697,0,1
下大P ,パニッシュ,3,3,下大P →弱ジャスト→DR→立ち大P→CR立ち大P→大ジャスト→SA3,5212,0,2
下大P ,ノーマル,3,CA,下大P →中ジャスト→DR→立ち大P→CR引き大P→大フラ→SA3,5947,0,1
下大P ,ノーマル,3,CA,下大P →弱ジャスト→DR→立ち大P→CR立ち大P→大ジャスト→SA3,5462,0,2
下大P ,カウンター,3,CA,下大P →中ジャスト→DR→立ち大P→CR引き大P→大フラ→SA3,5947,0,1
下大P ,カウンター,3,CA,下大P →弱ジャスト→DR→立ち大P→CR立ち大P→大ジャスト→SA3,5462,0,2
下大P ,パニッシュ,3,CA,下大P →中ジャスト→DR→立ち大P→CR引き大P→大フラ→SA3,5947,0,1
下大P ,パニッシュ,3,CA,下大P →弱ジャスト→DR→立ち大P→CR立ち大P→大ジャスト→SA3,5462,0,2
下大P ,ノーマル,4,0,下大P →中ジャスト→DDT,3970,0,1
下大P ,ノーマル,4,0,下大P →中ジャスト→OD昇竜,3440,0,2
下大P ,カウンター,4,0,下大P →中ジャスト→DDT,4130,0,1
下大P ,カウンター,4,0,下大P →中ジャスト→OD昇竜,3600,0,2
下大P ,パニッシュ,4,0,下大P →中ジャスト→DDT,4130,0,1
下大P ,パニッシュ,4,0,下大P →中ジャスト→OD昇竜,3600,0,2
下大P ,ノーマル,4,1,下大P →中ジャスト→DR→立ち大P→CR引き大P→弱ジャスト→SA1,4037,0,1
下大P ,ノーマル,4,1,下大P →弱ジャスト→DR→立ち大P→CR引き大P→中ジャスト→SA1,3682,0,2
下大P ,カウンター,4,1,下大P →中ジャスト→DR→立ち大P→CR引き大P→弱ジャスト→SA1,4197,0,1
下大P ,カウンター,4,1,下大P →弱ジャスト→DR→立ち大P→CR引き大P→中ジャスト→SA1,3842,0,2
下大P ,パニッシュ,4,1,下大P →中ジャスト→DR→立ち大P→CR引き大P→弱ジャスト→SA1,4197,0,1
下大P ,パニッシュ,4,1,下大P →弱ジャスト→DR→立ち大P→CR引き大P→中ジャスト→SA1,3842,0,2
下大P ,ノーマル,4,2,下大P →中ジャスト→ODチェイサー→SA2,4692,0,1
下大P ,ノーマル,4,2,下大P →CR引き大P→下大P→CR引き大P→下大P→弱ジャスト→J中P→エアフラ→SA2,4414,0,2
下大P ,カウンター,4,2,下大P →中ジャスト→ODチェイサー→SA2,4852,0,1
下大P ,カウンター,4,2,下大P →CR→引き大P→下大P→CR→引き大P→下大P→弱ジャスト→J中P→エアフラ→SA2,4574,0,2
下大P ,パニッシュ,4,2,下大P →中ジャスト→ODチェイサー→SA2,4852,0,1
下大P ,パニッシュ,4,2,下大P →CR→引き大P→下大P→CR→引き大P→下大P→弱ジャスト→J中P→エアフラ→SA2,4574,0,2
下大P ,ノーマル,4,3,下大P →中ジャスト→DR→立ち大P→CR引き大P→大フラ→SA3,5697,0,1
下大P ,ノーマル,4,3,下大P →CR大K→下中P→CR→立ち大P→弱ジャスト→J中P→エアフラ→SA3,5299,0,2
下大P ,カウンター,4,3,下大P →中ジャスト→DR→立ち大P→CR引き大P→大フラ→SA3,5857,0,1
下大P ,カウンター,4,3,下大P →CR大K→下中P→CR→立ち大P→弱ジャスト→J中P→エアフラ→SA3,5459,0,2
下大P ,パニッシュ,4,3,下大P →中ジャスト→DR→立ち大P→CR引き大P→大フラ→SA3,5857,0,1
下大P ,パニッシュ,4,3,下大P →CR大K→下中P→CR→立ち大P→弱ジャスト→J中P→エアフラ→SA3,5459,0,2
下大P ,ノーマル,4,CA,下大P →中ジャスト→DR→立ち大P→CR引き大P→大フラ→SA3,5947,0,1
下大P ,ノーマル,4,CA,下大P →CR大K→下中P→CR→立ち大P→弱ジャスト→J中P→エアフラ→SA3,5549,0,2
下大P ,カウンター,4,CA,下大P →中ジャスト→DR→立ち大P→CR引き大P→大フラ→SA3,6107,0,1
下大P ,カウンター,4,CA,下大P →CR大K→下中P→CR→立ち大P→弱ジャスト→J中P→エアフラ→SA3,5709,0,2
下大P ,パニッシュ,4,CA,下大P →中ジャスト→DR→立ち大P→CR引き大P→大フラ→SA3,6107,0,1
下大P ,パニッシュ,4,CA,下大P →CR大K→下中P→CR→立ち大P→弱ジャスト→J中P→エアフラ→SA3,5709,0,2
下大P ,ノーマル,5,0,下大P →中ジャスト→DDT,3970,0,1
下大P ,ノーマル,5,0,下大P →中ジャスト→OD昇竜,3440,0,2
下大P ,カウンター,5,0,下大P →中ジャスト→DDT,4130,0,1
下大P ,カウンター,5,0,下大P →中ジャスト→OD昇竜,3600,0,2
下大P ,パニッシュ,5,0,下大P →中ジャスト→DDT,4130,0,1
下大P ,パニッシュ,5,0,下大P →中ジャスト→OD昇竜,3600,0,2
下大P ,ノーマル,5,1,下大P →中ジャスト→DR→立ち大P→CR引き大P→CR引き大P→弱ジャスト→SA1,4286,0,1
下大P ,ノーマル,5,1,下大P →CR大K→下中P→CR立ち大P→弱ジャスト→J中P→エアフラ→SA1,3899,0,2
下大P ,カウンター,5,1,下大P →中ジャスト→DR→立ち大P→CR引き大P→CR引き大P→弱ジャスト→SA1,4446,0,1
下大P ,カウンター,5,1,下大P →CR大K→下中P→CR立ち大P→弱ジャスト→J中P→エアフラ→SA1,4059,0,2
下大P ,パニッシュ,5,1,下大P →中ジャスト→DR→立ち大P→CR引き大P→CR引き大P→弱ジャスト→SA1,4446,0,1
下大P ,パニッシュ,5,1,下大P →CR大K→下中P→CR立ち大P→弱ジャスト→J中P→エアフラ→SA1,4059,0,2
下大P ,ノーマル,5,2,下大P→中ジャスト→DR→立ち大P→CR引き大P→CR引き大P→弱ジャスト→SA2,4806,0,1
下大P ,ノーマル,5,2,下大P →CR引き大P→下大P→CR引き大P→下大P→弱ジャスト→J中P→エアフラ→SA2,4414,0,2
下大P ,カウンター,5,2,下大P→中ジャスト→DR→立ち大P→CR引き大P→CR引き大P→弱ジャスト→SA2,4966,0,1
下大P ,カウンター,5,2,下大P →CR→引き大P→下大P→CR→引き大P→下大P→弱ジャスト→J中P→エアフラ→SA2,4574,0,2
下大P ,パニッシュ,5,2,下大P→中ジャスト→DR→立ち大P→CR引き大P→CR引き大P→弱ジャスト→SA2,4966,0,1
下大P ,パニッシュ,5,2,下大P →CR引き大P→下大P→CR引き大P→下大P→弱ジャスト→J中P→エアフラ→SA2,4574,0,2
下大P ,ノーマル,5,3,下大P→中ジャスト→DR→立ち大P→CR引き大P→CR引き大P→弱ジャスト→大フラ→SA3,5936,0,1
下大P ,ノーマル,5,3,下P→弱ジャスト→DR→立ち大P→CR引き大P→CR立ち大P→大ジャスト→SA3,5420,0,2
下大P ,カウンター,5,3,下大P→中ジャスト→DR→立ち大P→CR引き大P→CR引き大P→弱ジャスト→大フラ→SA3,6096,0,1
下大P ,カウンター,5,3,下P→弱ジャスト→DR→立ち大P→CR引き大P→CR立ち大P→大ジャスト→SA3,5580,0,2
下大P ,パニッシュ,5,3,下大P→中ジャスト→DR→立ち大P→CR引き大P→CR引き大P→弱ジャスト→大フラ→SA3,6096,0,1
下大P ,パニッシュ,5,3,下P→弱ジャスト→DR→立ち大P→CR引き大P→CR立ち大P→大ジャスト→SA3,5580,0,2
下大P ,ノーマル,5,CA,下大P→中ジャスト→DR→立ち大P→CR引き大P→CR引き大P→弱ジャスト→大フラ→SA3,6186,0,1
下大P ,ノーマル,5,CA,下P→弱ジャスト→DR→立ち大P→CR引き大P→CR立ち大P→大ジャスト→SA3,5670,0,2
下大P ,カウンター,5,CA,下大P→中ジャスト→DR→立ち大P→CR引き大P→CR引き大P→弱ジャスト→大フラ→SA3,6346,0,1
下大P ,カウンター,5,CA,下P→弱ジャスト→DR→立ち大P→CR引き大P→CR立ち大P→大ジャスト→SA3,5830,0,2
下大P ,パニッシュ,5,CA,下大P→中ジャスト→DR→立ち大P→CR引き大P→CR引き大P→弱ジャスト→大フラ→SA3,6346,0,1
下大P ,パニッシュ,5,CA,下P→弱ジャスト→DR→立ち大P→CR引き大P→CR立ち大P→大ジャスト→SA3,5830,0,2
下大P ,ノーマル,6,0,下大P →中ジャスト→DDT,3970,0,1
下大P ,ノーマル,6,0,下大P →中ジャスト→OD昇竜,3440,0,2
下大P ,カウンター,6,0,下大P →中ジャスト→DDT,4130,0,1
下大P ,カウンター,6,0,下大P →中ジャスト→OD昇竜,3600,0,2
下大P ,パニッシュ,6,0,下大P →中ジャスト→DDT,4130,0,1
下大P ,パニッシュ,6,0,下大P →中ジャスト→OD昇竜,3600,0,2
下大P ,ノーマル,6,1,下大P →中ジャスト→DR→立ち大P→CR引き大P→CR引き大P→弱ジャスト→SA1,4286,0,1
下大P ,ノーマル,6,1,下大P →CR大K→下中P→CR立ち大P→弱ジャスト→J中P→エアフラ→SA1,3899,0,2
下大P ,カウンター,6,1,下大P →中ジャスト→DR→立ち大P→CR引き大P→CR引き大P→弱ジャスト→SA1,4446,0,1
下大P ,カウンター,6,1,下大P →CR大K→下中P→CR立ち大P→弱ジャスト→J中P→エアフラ→SA1,4059,0,2
下大P ,パニッシュ,6,1,下大P →中ジャスト→DR→立ち大P→CR引き大P→CR引き大P→弱ジャスト→SA1,4446,0,1
下大P ,パニッシュ,6,1,下大P →CR大K→下中P→CR立ち大P→弱ジャスト→J中P→エアフラ→SA1,4059,0,2
下大P ,ノーマル,6,2,下大P→中ジャスト→DR→立ち大P→CR引き大P→CR引き大P→弱ジャスト→SA2,4806,0,1
下大P ,ノーマル,6,2,下大P →CR引き大P→下大P→CR引き大P→下大P→弱ジャスト→J中P→エアフラ→SA2,4414,0,2
下大P ,カウンター,6,2,下大P→中ジャスト→DR→立ち大P→CR引き大P→CR引き大P→弱ジャスト→SA2,4966,0,1
下大P ,カウンター,6,2,下大P →CR→引き大P→下大P→CR→引き大P→下大P→弱ジャスト→J中P→エアフラ→SA2,4574,0,2
下大P ,パニッシュ,6,2,下大P→中ジャスト→DR→立ち大P→CR引き大P→CR引き大P→弱ジャスト→SA2,4966,0,1
下大P ,パニッシュ,6,2,下大P →CR引き大P→下大P→CR引き大P→下大P→弱ジャスト→J中P→エアフラ→SA2,4574,0,2
下大P ,ノーマル,6,3,下大P→中ジャスト→DR→立ち大P→CR引き大P→CR引き大P→弱ジャスト→大フラ→SA3,5936,0,1
下大P ,ノーマル,6,3,下P→弱ジャスト→DR→立ち大P→CR引き大P→CR立ち大P→大ジャスト→SA3,5420,0,2
下大P ,カウンター,6,3,下大P→中ジャスト→DR→立ち大P→CR引き大P→CR引き大P→弱ジャスト→大フラ→SA3,6096,0,1
下大P ,カウンター,6,3,下P→弱ジャスト→DR→立ち大P→CR引き大P→CR立ち大P→大ジャスト→SA3,5580,0,2
下大P ,パニッシュ,6,3,下大P→中ジャスト→DR→立ち大P→CR引き大P→CR引き大P→弱ジャスト→大フラ→SA3,6096,0,1
下大P ,パニッシュ,6,3,下P→弱ジャスト→DR→立ち大P→CR引き大P→CR立ち大P→大ジャスト→SA3,5580,0,2
下大P ,ノーマル,6,CA,下大P→中ジャスト→DR→立ち大P→CR引き大P→CR引き大P→弱ジャスト→大フラ→SA3,6186,0,1
下大P ,ノーマル,6,CA,下P→弱ジャスト→DR→立ち大P→CR引き大P→CR立ち大P→大ジャスト→SA3,5670,0,2
下大P ,カウンター,6,CA,下大P→中ジャスト→DR→立ち大P→CR引き大P→CR引き大P→弱ジャスト→大フラ→SA3,6346,0,1
下大P ,カウンター,6,CA,下P→弱ジャスト→DR→立ち大P→CR引き大P→CR立ち大P→大ジャスト→SA3,5830,0,2
下大P ,パニッシュ,6,CA,下大P→中ジャスト→DR→立ち大P→CR引き大P→CR引き大P→弱ジャスト→大フラ→SA3,6346,0,1
下大P ,パニッシュ,6,CA,下P→弱ジャスト→DR→立ち大P→CR引き大P→CR立ち大P→大ジャスト→SA3,5830,0,2
前中P,カウンター,0,0,前中P→下小P→下小P→大昇竜,2100,0,0
前中P,パニッシュ,0,0,前中P→下中P→大昇竜,2280,0,0
前中P,カウンター,0,1,前中P→下小P→下小P→下小P→SA1,2736,0,0
前中P,パニッシュ,0,1,前中P→下中P→下小P→SA1,2960,0,0
前中P,カウンター,0,2,前中P→下小P→SA２,3260,0,0
前中P,パニッシュ,0,2,前中P→下中P→SA2,3560,0,0
前中P,カウンター,0,3,前中P→下小P→SA3,4220,0,0
前中P,パニッシュ,0,3,前中P→下中P→SA3,4520,0,0
前中P,カウンター,0,CA,前中P→下小P→SA3,4470,0,0
前中P,パニッシュ,0,CA,前中P→下中P→SA3,4770,0,0
前中P,カウンター,1,0,前中P→下小P→CR下中P→下大P→中ジャスト→弱ジャスト→大フラ,2730,0,1
前中P,カウンター,1,0,前中P→下小P→CR下中P→下大P→弱ジャスト→J中P→エアフラ→弱昇竜,2552,0,2
前中P,パニッシュ,1,0,前中P→下中P→CR下中P→下大P→中ジャスト→弱ジャスト→大フラ,3293,0,1
前中P,パニッシュ,1,0,前中P→下中P→CR→立ち大P→弱ジャスト→下大P →エアフラ→弱昇竜,3136,0,2
前中P,カウンター,1,1,前中P→下小P→CR下中P→下大P→中ジャスト→弱ジャスト→SA1,3126,0,1
前中P,カウンター,1,1,前中P→下小P→CR下中P→下大P→弱ジャスト→J中P→エアフラ→SA1,3044,0,2
前中P,パニッシュ,1,1,前中P→下中P→CR立ち大P→中ジャスト→弱ジャスト→SA1,3633,0,1
前中P,パニッシュ,1,1,前中P→下中P→CR立ち大P→弱ジャスト→J中P→エアフラ→SA1,3511,0,2
前中P,カウンター,1,2,前中P→下小P→CR下中P→下大P→中ジャスト→SA2,3322,0,1
前中P,カウンター,1,2,前中P→下小P→CR下中P→下大P→弱ジャスト→J中P→エアフラ→SA2,3564,0,2
前中P,パニッシュ,1,2,前中P→下中P→CR立ち大P→中ジャスト→SA2,3940,0,1
前中P,パニッシュ,1,2,前中P→下中P→CR立ち大P→弱ジャスト→J中P→エアフラ→SA2,4031,0,2
前中P,カウンター,1,3,前中P→下小P→CR下中P→下大P→中ジャスト→弱ジャスト→大フラ→SA3,4736,0,1
前中P,カウンター,1,3,前中P→下小P→CR下中P→下大P→弱ジャスト→J中P→エアフラ→SA3,4444,0,2
前中P,パニッシュ,1,3,前中P→下中P→CR立ち大P→中ジャスト→弱ジャスト→大フラ→SA3,5293,0,1
前中P,パニッシュ,1,3,前中P→下中P→CR立ち大P→弱ジャスト→J中P→エアフラ→SA3,4911,0,2
前中P,カウンター,1,CA,前中P→下小P→CR下中P→下大P→中ジャスト→弱ジャスト→大フラ→SA3,4986,0,1
前中P,カウンター,1,CA,前中P→下小P→CR下中P→下大P→弱ジャスト→J中P→エアフラ→SA3,4694,0,2
前中P,パニッシュ,1,CA,前中P→下中P→CR立ち大P→中ジャスト→弱ジャスト→大フラ→SA3,5543,0,1
前中P,パニッシュ,1,CA,前中P→下中P→CR立ち大P→弱ジャスト→J中P→エアフラ→SA3,5161,0,2
前中P,カウンター,2,0,前中P→下小P→CR下中P→下大P→中ジャスト→弱ジャスト→大フラ,2730,0,1
前中P,カウンター,2,0,前中P→下小P→CR下中P→下大P→弱ジャスト→J中P→エアフラ→弱昇竜,2552,0,2
前中P,パニッシュ,2,0,前中P→下中P→CR下中P→下大P→中ジャスト→弱ジャスト→大フラ,3293,0,1
前中P,パニッシュ,2,0,前中P→下中P→CR→立ち大P→弱ジャスト→下大P →エアフラ→弱昇竜,3136,0,2
前中P,カウンター,2,1,前中P→下小P→CR下中P→下大P→中ジャスト→弱ジャスト→SA1,3126,0,1
前中P,カウンター,2,1,前中P→下小P→CR下中P→下大P→弱ジャスト→J中P→エアフラ→SA1,3044,0,2
前中P,パニッシュ,2,1,前中P→下中P→CR立ち大P→中ジャスト→弱ジャスト→SA1,3633,0,1
前中P,パニッシュ,2,1,前中P→下中P→CR立ち大P→弱ジャスト→J中P→エアフラ→SA1,3511,0,2
前中P,カウンター,2,2,前中P→下小P→CR下中P→下大P→中ジャスト→SA2,3322,0,1
前中P,カウンター,2,2,前中P→下小P→CR下中P→下大P→弱ジャスト→J中P→エアフラ→SA2,3564,0,2
前中P,パニッシュ,2,2,前中P→下中P→CR立ち大P→中ジャスト→SA2,3940,0,1
前中P,パニッシュ,2,2,前中P→下中P→CR立ち大P→弱ジャスト→J中P→エアフラ→SA2,4031,0,2
前中P,カウンター,2,3,前中P→下小P→CR下中P→下大P→中ジャスト→弱ジャスト→大フラ→SA3,4736,0,1
前中P,カウンター,2,3,前中P→下小P→CR下中P→下大P→弱ジャスト→J中P→エアフラ→SA3,4444,0,2
前中P,パニッシュ,2,3,前中P→下中P→CR立ち大P→中ジャスト→弱ジャスト→大フラ→SA3,5293,0,1
前中P,パニッシュ,2,3,前中P→下中P→CR立ち大P→弱ジャスト→J中P→エアフラ→SA3,4911,0,2
前中P,カウンター,2,CA,前中P→下小P→CR下中P→下大P→中ジャスト→弱ジャスト→大フラ→SA3,4986,0,1
前中P,カウンター,2,CA,前中P→下小P→CR下中P→下大P→弱ジャスト→J中P→エアフラ→SA3,4694,0,2
前中P,パニッシュ,2,CA,前中P→下中P→CR立ち大P→中ジャスト→弱ジャスト→大フラ→SA3,5543,0,1
前中P,パニッシュ,2,CA,前中P→下中P→CR立ち大P→弱ジャスト→J中P→エアフラ→SA3,5161,0,2
前中P,カウンター,3,0,前中P→下小P→DDT,3090,0,0
前中P,パニッシュ,3,0,前中P→下中P→DDT,3390,0,0
前中P,カウンター,3,1,前中P→下小P→CR下中P→下大P→中ジャスト→弱ジャスト→SA1,3126,0,1
前中P,カウンター,3,1,前中P→下小P→CR下中P→下大P→弱ジャスト→J中P→エアフラ→SA1,3044,0,2
前中P,パニッシュ,3,1,前中P→下中P→CR立ち大P→中ジャスト→弱ジャスト→SA1,3633,0,1
前中P,パニッシュ,3,1,前中P→下中P→CR立ち大P→弱ジャスト→J中P→エアフラ→SA1,3511,0,2
前中P,カウンター,3,2,前中P→下小P→CR下中P→下大P→中ジャスト→SA2,3322,0,1
前中P,カウンター,3,2,前中P→下小P→CR下中P→下大P→弱ジャスト→J中P→エアフラ→SA2,3564,0,2
前中P,パニッシュ,3,2,前中P→下中P→CR立ち大P→中ジャスト→SA2,3940,0,1
前中P,パニッシュ,3,2,前中P→下中P→CR立ち大P→弱ジャスト→J中P→エアフラ→SA2,4031,0,2
前中P,カウンター,3,3,前中P→下小P→CR下中P→下大P→中ジャスト→弱ジャスト→大フラ→SA3,4736,0,1
前中P,カウンター,3,3,前中P→下小P→CR下中P→下大P→弱ジャスト→J中P→エアフラ→SA3,4444,0,2
前中P,パニッシュ,3,3,前中P→下中P→CR立ち大P→中ジャスト→弱ジャスト→大フラ→SA3,5293,0,1
前中P,パニッシュ,3,3,前中P→下中P→CR立ち大P→弱ジャスト→J中P→エアフラ→SA3,4911,0,2
前中P,カウンター,3,CA,前中P→下小P→CR下中P→下大P→中ジャスト→弱ジャスト→大フラ→SA3,4986,0,1
前中P,カウンター,3,CA,前中P→下小P→CR下中P→下大P→弱ジャスト→J中P→エアフラ→SA3,4694,0,2
前中P,パニッシュ,3,CA,前中P→下中P→CR立ち大P→中ジャスト→弱ジャスト→大フラ→SA3,5543,0,1
前中P,パニッシュ,3,CA,前中P→下中P→CR立ち大P→弱ジャスト→J中P→エアフラ→SA3,5161,0,2
前中P,カウンター,4,0,前中P→CR下中P→下大P→中ジャスト→DR→立ち大P→大ジャスト,2970,0,1
前中P,カウンター,4,0,前中P→下小P→DDT,3090,0,2
前中P,パニッシュ,4,0,前中P→下中P→CR立ち大P→中ジャスト→DR→立ち大P→大ジャスト,3592,0,1
前中P,パニッシュ,4,0,前中P→下中P→DDT,3390,0,2
前中P,カウンター,4,1,前中P→下小P→CR下中P→下大P→CR引き大P→下大P→弱ジャスト→SA1,3377,0,1
前中P,カウンター,4,1,前中P→下小P→CR下中P→下大P→CR引き大P→下大P→弱ジャスト→J中P→エアフラ→SA1,3289,0,2
前中P,パニッシュ,4,1,前中P→下中P→CR立ち大P→中ジャスト→DR→立ち大P→弱ジャスト→SA1,4007,0,1
前中P,パニッシュ,4,1,前中P→下中P→CR引き大P→下大P→弱ジャスト→J中P→エアフラ→SA1,3899,0,2
前中P,カウンター,4,2,前中P→下小P→CR下中P→下大P→CR引き大P→下大P→中ジャスト→弱ジャスト→SA2,3762,2,1
前中P,カウンター,4,2,前中P→下小P→CR下中P→下大P→CR引き大P→下大P→弱ジャスト→J中P→エアフラ→SA2,3809,0,2
前中P,パニッシュ,4,2,前中P→下中P→CR立ち大P→CR引き大P→下大P→中ジャスト→前ステSA2,4282,0,1
前中P,パニッシュ,4,2,前中P→下中P→CR立ち大P→CR引き大P→下大P→弱ジャスト→J中P→エアフラ→SA2,4419,0,2
前中P,カウンター,4,3,前中P→下小P→CR下中P→下大P→中ジャスト→DR→立ち大P→大ジャスト→SA3,4970,0,1
前中P,カウンター,4,3,前中P→下小P→CR下中P→下大P→CR引き大P→下大P→弱ジャスト→J中P→エアフラ→SA3,4689,0,2
前中P,パニッシュ,4,3,前中P→下中P→CR立ち大P→中ジャスト→DR→立ち大P→大ジャスト,5592,0,1
前中P,パニッシュ,4,3,前中P→下中P→CR大K→下中P→CR立ち大P→弱ジャスト→J中P→エアフラ→SA3,5350,0,2
前中P,カウンター,4,CR,前中P→下小P→CR下中P→下大P→中ジャスト→DR→立ち大P→大ジャスト→SA3,5220,0,1
前中P,カウンター,4,CR,前中P→下小P→CR下中P→下大P→CR引き大P→下大P→弱ジャスト→J中P→エアフラ→SA3,4939,0,2
前中P,パニッシュ,4,CR,前中P→下中P→CR立ち大P→中ジャスト→DR→立ち大P→大ジャスト,5842,0,1
前中P,パニッシュ,4,CR,前中P→下中P→CR大K→下中P→CR立ち大P→弱ジャスト→J中P→エアフラ→SA3,5600,0,2
前中P,カウンター,5,0,前中P→下小P→DDT,3090,0,0
前中P,パニッシュ,5,0,前中P→下中P→CR立ち大P→中ジャスト→DR→立ち大P→CR引き大→弱ジャスト→大フラ,3714,0,1
前中P,パニッシュ,5,0,前中P→下中P→DDT,3390,0,2
前中P,カウンター,5,1,前中P→下小P→CR下中P→下大P→中ジャスト→DR→立ち大P→CR引き大P→弱ジャスト→SA1,3509,0,1
前中P,カウンター,5,1,前中P→下小P→CR下中P→下大P→CR引き大P→下大P→弱ジャスト→J中P→エアフラ→SA1,3289,0,2
前中P,パニッシュ,5,1,前中P→下中P→CR立ち大P→中ジャスト→DR→立ち大P→CR引き大P→弱ジャスト→SA1,4144,0,1
前中P,パニッシュ,5,1,前中P→下中P→CR立ち大P→CR引き大P→下大P→弱ジャスト→J中P→エアフラ→SA1,3899,0,2
前中P,カウンター,5,2,前中P→下小P→CR下中P→下大P→中ジャスト→DR→立ち大P→ODチェイサー,3925,0,1
前中P,カウンター,5,2,前中P→下小P→CR下中P→下大P→CR引き大P→下大P→弱ジャスト→J中P→エアフラ→SA2,3809,0,2
前中P,パニッシュ,5,2,前中P→下中P→CR立ち大P→中ジャスト→DR→立ち大P→ODチェイサー→SA2,4482,0,1
前中P,パニッシュ,5,2,前中P→下中P→CR立ち大P→CR引き大P→下大P→弱ジャスト→J中P→エアフラ→SA2,4419,0,2
前中P,カウンター,5,3,前中P→下小P→CR下中P→下大P→中ジャスト→DR→立ち大P→CR引き大P→弱ジャスト→大フラ→SA3,4982,0,1
前中P,カウンター,5,3,前中P→下小P→CR下中P→下大P→CR引き大P→下大P→弱ジャスト→J中P→エアフラ→SA3,4689,0,2
前中P,パニッシュ,5,3,前中P→下中P→CR立ち大P→中ジャスト→DR→立ち大P→CR引き大P→弱ジャスト→大フラ→SA3,5714,0,1
前中P,パニッシュ,5,3,前中P→下中P→CR弱ジャスト→DR→立ち大P→CR立ち大P→大ジャスト→SA3,5350,0,2
前中P,カウンター,5,CA,前中P→下小P→CR下中P→下大P→中ジャスト→DR→立ち大P→CR引き大P→弱ジャスト→大フラ→SA3,5232,0,1
前中P,カウンター,5,CA,前中P→下小P→CR下中P→下大P→CR引き大P→下大P→弱ジャスト→J中P→エアフラ→SA3,4939,0,2
前中P,パニッシュ,5,CA,前中P→下中P→CR立ち大P→中ジャスト→DR→立ち大P→CR引き大P→弱ジャスト→大フラ→SA3,5964,0,1
前中P,パニッシュ,5,CA,前中P→下中P→CR弱ジャスト→DR→立ち大P→CR立ち大P→大ジャスト→SA3,5600,0,2
前中P,カウンター,6,0,前中P→下小P→DDT,3090,0,0
前中P,パニッシュ,6,0,前中P→下中P→CR立ち大P→中ジャスト→DR→立ち大P→CR引き大→弱ジャスト→大フラ,3714,0,1
前中P,パニッシュ,6,0,前中P→下中P→DDT,3390,0,2
前中P,カウンター,6,1,前中P→下小P→CR下中P→下大P→中ジャスト→DR→立ち大P→CR引き大P→弱ジャスト→SA1,3509,0,1
前中P,カウンター,6,1,前中P→下小P→CR下中P→下大P→CR引き大P→下大P→弱ジャスト→J中P→エアフラ→SA1,3289,0,2
前中P,パニッシュ,6,1,前中P→下中P→CR立ち大P→中ジャスト→DR→立ち大P→CR引き大P→弱ジャスト→SA1,4144,0,1
前中P,パニッシュ,6,1,前中P→下中P→CR立ち大P→CR引き大P→下大P→弱ジャスト→J中P→エアフラ→SA1,3899,0,2
前中P,カウンター,6,2,前中P→下小P→CR下中P→下大P→中ジャスト→DR→立ち大P→ODチェイサー,3925,0,1
前中P,カウンター,6,2,前中P→下小P→CR下中P→下大P→CR引き大P→下大P→弱ジャスト→J中P→エアフラ→SA2,3809,0,2
前中P,パニッシュ,6,2,前中P→下中P→CR立ち大P→中ジャスト→DR→立ち大P→ODチェイサー→SA2,4482,0,1
前中P,パニッシュ,6,2,前中P→下中P→CR立ち大P→CR引き大P→下大P→弱ジャスト→J中P→エアフラ→SA2,4419,0,2
前中P,カウンター,6,3,前中P→下小P→CR下中P→下大P→中ジャスト→DR→立ち大P→CR引き大P→弱ジャスト→大フラ→SA3,4982,0,1
前中P,カウンター,6,3,前中P→下小P→CR下中P→下大P→CR引き大P→下大P→弱ジャスト→J中P→エアフラ→SA3,4689,0,2
前中P,パニッシュ,6,3,前中P→下中P→CR立ち大P→中ジャスト→DR→立ち大P→CR引き大P→弱ジャスト→大フラ→SA3,5714,0,1
前中P,パニッシュ,6,3,前中P→下中P→CR弱ジャスト→DR→立ち大P→CR立ち大P→大ジャスト→SA3,5350,0,2
前中P,カウンター,6,CA,前中P→下小P→CR下中P→下大P→中ジャスト→DR→立ち大P→CR引き大P→弱ジャスト→大フラ→SA3,5232,0,1
前中P,カウンター,6,CA,前中P→下小P→CR下中P→下大P→CR引き大P→下大P→弱ジャスト→J中P→エアフラ→SA3,4939,0,2
前中P,パニッシュ,6,CA,前中P→下中P→CR立ち大P→中ジャスト→DR→立ち大P→CR引き大P→弱ジャスト→大フラ→SA3,5964,0,1
前中P,パニッシュ,6,CA,前中P→下中P→CR弱ジャスト→DR→立ち大P→CR立ち大P→大ジャスト→SA3,5600,0,2
前大P,ノーマル,0,0,前大PTC→大フラ,2100,0,1
前大P,ノーマル,0,0,前大PTC→中弾→弱昇竜,2360,0,2
前大P,カウンター,0,0,前大PTC→大フラ,2260,0,1
前大P,カウンター,0,0,前大PTC→中弾→弱昇竜,2520,0,2
前大P,パニッシュ,0,0,前大P→下大P→中ジャスト→弱ジャスト→大フラ,3599,0,1
前大P,パニッシュ,0,0,前大P→下大P→弱ジャスト→下大P →エアフラ→弱昇竜,3430,0,2
前大P,ノーマル,0,1,前大PTC→SA1,2800,0,0
前大P,カウンター,0,1,前大PTC→SA1,2960,0,0
前大P,パニッシュ,0,1,前大P→下大P→中ジャスト→弱ジャスト→SA1,4049,0,1
前大P,パニッシュ,0,1,前大P→下大P→弱ジャスト→J中P→エアフラ→SA1,3815,0,2
前大P,ノーマル,0,2,前大PTC→SA2,3360,0,0
前大P,カウンター,0,2,前大PTC→SA3,3500,0,0
前大P,パニッシュ,0,2,前大P→下大P→中ジャスト→SA2,4404,0,0
前大P,ノーマル,0,3,前大PTC→SA3,4200,0,0
前大P,カウンター,0,3,前大PTC→SA3,4360,0,0
前大P,パニッシュ,0,3,前大P→下大P→中ジャスト→弱ジャスト→大フラ,5599,0,1
前大P,パニッシュ,0,3,前大P→下大P→弱ジャスト→J中P→エアフラ→SA3,5115,0,2
前大P,ノーマル,0,CA,前大PTC→SA3,4450,0,0
前大P,カウンター,0,CA,前大PTC→SA3,4610,0,0
前大P,パニッシュ,0,CA,前大P→下大P→中ジャスト→弱ジャスト→大フラ,5849,0,1
前大P,パニッシュ,0,CA,前大P→下大P→弱ジャスト→J中P→エアフラ→SA3,5365,0,2
前大P,ノーマル,1,0,前大PTC→CR下大P→弱ジャスト→大フラ,2560,0,1
前大P,ノーマル,1,0,前大PTC→CR立ち大P→弱ジャスト→J中P→エアフラ→弱昇竜,2879,0,2
前大P,カウンター,1,0,前大P→下小P→CR下小P→下大P→中ジャスト→弱ジャスト→大フラ,2976,0,1
前大P,カウンター,1,0,前大PTC→CR立ち大P→弱ジャスト→J中P→エアフラ→弱昇竜,3039,0,2
前大P,パニッシュ,1,0,前大P→下大P→中ジャスト→DR→立ち大P→大ジャスト,3760,0,1
前大P,パニッシュ,1,0,前大P→下大P→CR引き大P→下大P→中ジャスト→大昇竜,3574,0,2
前大P,ノーマル,1,1,前大PTC→CR→下大P→弱ジャスト→SA1,2870,0,1
前大P,ノーマル,1,1,前大PTC→CR立ち大P→弱ジャスト→J中P→エアフラ→SA1,3326,0,2
前大P,カウンター,1,1,前大P→下小P→CR下小P→下大P→中ジャスト→弱ジャスト→SA1,3366,0,1
前大P,カウンター,1,1,前大PTC→CR立ち大P→弱ジャスト→J中P→エアフラ→SA1,3486,0,2
前大P,パニッシュ,1,1,前大P→下大P→CR引き大P→下大P→中ジャスト→弱ジャスト→SA1,4054,0,1
前大P,パニッシュ,1,1,前大P→下大P→CR→引き大P→下大P→弱ジャスト→J中P→エアフラ→SA1,3960,0,2
前大P,ノーマル,1,2,前大PTC→CR下大P→弱ジャスト→SA2,3430,0,1
前大P,ノーマル,1,2,前大PTC→CR立ち大P→弱ジャスト→J中P→エアフラ→SA2,3846,0,2
前大P,カウンター,1,2,前大P→下小P→CR下小P→下大P→中ジャスト→弱ジャスト→SA2,3562,0,1
前大P,カウンター,1,2,前大PTC→CR立ち大P→弱ジャスト→J中P→エアフラ→SA2,4006,0,2
前大P,パニッシュ,1,2,前大P→下大P→中ジャスト→ODチェイサー→SA2,4800,0,1
前大P,パニッシュ,1,2,前大P→下大P→CR引き大P→下大P→弱ジャスト→J中P→エアフラ→SA2,4480,0,2
前大P,ノーマル,1,3,前大PTC→CR下大P→弱ジャスト→大フラ→SA3,4560,0,1
前大P,ノーマル,1,3,前大PTC→CR立ち大P→弱ジャスト→J中P→エアフラ→SA3,4726,0,2
前大P,カウンター,1,3,前大P→下小P→CR下小P→下大P→中ジャスト→弱ジャスト→大フラ→SA3,4976,0,1
前大P,カウンター,1,3,前大PTC→CR立ち大P→弱ジャスト→J中P→エアフラ→SA3,4886,0,2
前大P,パニッシュ,1,3,前大P→下大P→中ジャスト→DR→立ち大P→大ジャスト→SA3,5760,0,1
前大P,パニッシュ,1,3,前大P→下大P→CR引き大P→下大P→弱ジャスト→J中P→エアフラ→SA3,5360,0,2
前大P,ノーマル,1,CA,前大PTC→CR下大P→弱ジャスト→大フラ→SA3,4810,0,1
前大P,ノーマル,1,CA,前大PTC→CR立ち大P→弱ジャスト→J中P→エアフラ→SA3,4976,0,2
前大P,カウンター,1,CA,前大P→下小P→CR下小P→下大P→中ジャスト→弱ジャスト→大フラ→SA3,5226,0,1
前大P,カウンター,1,CA,前大PTC→CR立ち大P→弱ジャスト→J中P→エアフラ→SA3,5136,0,2
前大P,パニッシュ,1,CA,前大P→下大P→中ジャスト→DR→立ち大P→大ジャスト→SA3,6010,0,1
前大P,パニッシュ,1,CA,前大P→下大P→CR引き大P→下大P→弱ジャスト→J中P→エアフラ→SA3,5610,0,2
前大P,ノーマル,2,0,前大PTC→CR下大P→弱ジャスト→大フラ,2560,0,1
前大P,ノーマル,2,0,前大PTC→CR立ち大P→弱ジャスト→J中P→エアフラ→弱昇竜,2879,0,2
前大P,カウンター,2,0,前大P→下小P→CR下小P→下大P→中ジャスト→弱ジャスト→大フラ,2976,0,1
前大P,カウンター,2,0,前大PTC→CR立ち大P→弱ジャスト→J中P→エアフラ→弱昇竜,3039,0,2
前大P,パニッシュ,2,0,前大P→下大P→中ジャスト→DR→立ち大P→CR引き大P→弱ジャスト→大フラ,3926,0,1
前大P,パニッシュ,2,0,前大P→下大P→CR引き大P→下大P→中ジャスト→大昇竜,3574,0,2
前大P,ノーマル,2,1,前大PTC→CR下大P→弱ジャスト→SA1,2870,0,1
前大P,ノーマル,2,1,前大PTC→CR立ち大P→弱ジャスト→J中P→エアフラ→SA1,3326,0,2
前大P,カウンター,2,1,前大P→下小P→CR下小P→下大P→中ジャスト→弱ジャスト→SA1,3366,0,1
前大P,カウンター,2,1,前大PTC→CR立ち大P→弱ジャスト→J中P→エアフラ→SA1,3486,0,2
前大P,パニッシュ,2,1,前大P→下大P→弱ジャスト→DR→立ち大P→CR引き大P→弱ジャスト→SA1,4316,0,1
前大P,パニッシュ,2,1,前大P→下大P→弱ジャスト→DR→立ち大P→CR立ち大P→中ジャスト→SA1,4005,0,2
前大P,ノーマル,2,2,前大PTC→CR下大P→弱ジャスト→SA2,3430,0,1
前大P,ノーマル,2,2,前大PTC→CR立ち大P→弱ジャスト→J中P→エアフラ→SA2,3846,0,2
前大P,カウンター,2,2,前大P→下小P→CR下小P→下大P→中ジャスト→弱ジャスト→SA2,3562,0,1
前大P,カウンター,2,2,前大PTC→CR立ち大P→弱ジャスト→J中P→エアフラ→SA2,4006,0,2
前大P,パニッシュ,2,2,前大P→下大P→中ジャスト→ODチェイサー→SA2,4800,0,1
前大P,パニッシュ,2,2,前大P→下大P→弱ジャスト→DR→立ち大P→CR立ち大P→中ジャスト→SA2,4525,0,2
前大P,ノーマル,2,3,前大PTC→CR下大P→弱ジャスト→大フラ→SA3,4560,0,1
前大P,ノーマル,2,3,前大PTC→CR立ち大P→弱ジャスト→J中P→エアフラ→SA3,4726,0,2
前大P,カウンター,2,3,前大P→下小P→CR下小P→下大P→中ジャスト→弱ジャスト→大フラ→SA3,4976,0,1
前大P,カウンター,2,3,前大PTC→CR立ち大P→弱ジャスト→J中P→エアフラ→SA3,4886,0,2
前大P,パニッシュ,2,3,前大P→下大P→中ジャスト→DR→立ち大P→CR引き大P→弱ジャスト→大フラ→SA3,5926,0,1
前大P,パニッシュ,2,3,前大P→下大P→弱ジャスト→DR→立ち大P→CR立ち大P→大ジャスト→SA3,5551,0,2
前大P,ノーマル,2,CA,前大PTC→CR下大P→弱ジャスト→大フラ→SA3,4810,0,1
前大P,ノーマル,2,CA,前大PTC→CR立ち大P→弱ジャスト→J中P→エアフラ→SA3,4976,0,2
前大P,カウンター,2,CA,前大P→下小P→CR下小P→下大P→中ジャスト→弱ジャスト→大フラ→SA3,5226,0,1
前大P,カウンター,2,CA,前大PTC→CR立ち大P→弱ジャスト→J中P→エアフラ→SA3,5136,0,2
前大P,パニッシュ,2,CA,前大P→下大P→中ジャスト→DR→立ち大P→CR引き大P→弱ジャスト→大フラ→SA3,6176,0,1
前大P,パニッシュ,2,CA,前大P→下大P→弱ジャスト→DR→立ち大P→CR立ち大P→大ジャスト→SA3,5801,0,2
前大P,ノーマル,3,0,前大PTC→CR下大P→弱ジャスト→大フラ,2560,0,1
前大P,ノーマル,3,0,前大PTC→CR立ち大P→弱ジャスト→J中P→エアフラ→弱昇竜,2879,0,2
前大P,カウンター,3,0,前大P→下小P→DDT,3330,0,0
前大P,パニッシュ,3,0,前大P→下大P→中ジャスト→DDT,4219,0,1
前大P,パニッシュ,3,0,前大P→下大P→弱ジャスト→DDT,3760,0,2
前大P,ノーマル,3,1,前大PTC→CR下大P→弱ジャスト→SA1,2870,0,1
前大P,ノーマル,3,1,前大PTC→CR立ち大P→弱ジャスト→J中P→エアフラ→SA1,3326,0,2
前大P,カウンター,3,1,前大P→下小P→CR下小P→下大P→中ジャスト→弱ジャスト→SA1,3366,0,1
前大P,カウンター,3,1,前大PTC→CR立ち大P→弱ジャスト→J中P→エアフラ→SA1,3486,0,2
前大P,パニッシュ,3,1,前大P→下大P→弱ジャスト→DR→立ち大P→CR引き大P→弱ジャスト→SA1,4316,0,1
前大P,パニッシュ,3,1,前大P→下大P→弱ジャスト→DR→立ち大P→CR立ち大P→中ジャスト→SA1,4005,0,2
前大P,ノーマル,3,2,前大PTC→CR下大P→弱ジャスト→SA2,3430,0,1
前大P,ノーマル,3,2,前大PTC→CR立ち大P→弱ジャスト→J中P→エアフラ→SA2,3846,0,2
前大P,カウンター,3,2,前大P→下小P→CR下小P→下大P→中ジャスト→弱ジャスト→SA2,3562,0,1
前大P,カウンター,3,2,前大PTC→CR立ち大P→弱ジャスト→J中P→エアフラ→SA2,4006,0,2
前大P,パニッシュ,3,2,前大P→下大P→中ジャスト→ODチェイサー→SA2,4800,0,1
前大P,パニッシュ,3,2,前大P→下大P→弱ジャスト→DR→立ち大P→CR立ち大P→中ジャスト→SA2,4525,0,2
前大P,ノーマル,3,3,前大PTC→CR下大P→弱ジャスト→大フラ→SA3,4560,0,1
前大P,ノーマル,3,3,前大PTC→CR立ち大P→弱ジャスト→J中P→エアフラ→SA3,4726,0,2
前大P,カウンター,3,3,前大P→下小P→CR下小P→下大P→中ジャスト→弱ジャスト→大フラ→SA3,4976,0,1
前大P,カウンター,3,3,前大PTC→CR立ち大P→弱ジャスト→J中P→エアフラ→SA3,4886,0,2
前大P,パニッシュ,3,3,前大P→下大P→中ジャスト→DR→立ち大P→CR引き大P→弱ジャスト→大フラ→SA3,5926,0,1
前大P,パニッシュ,3,3,前大P→下大P→弱ジャスト→DR→立ち大P→CR立ち大P→大ジャスト→SA3,5551,0,2
前大P,ノーマル,3,CA,前大PTC→CR下大P→弱ジャスト→大フラ→SA3,4810,0,1
前大P,ノーマル,3,CA,前大PTC→CR立ち大P→弱ジャスト→J中P→エアフラ→SA3,4976,0,2
前大P,カウンター,3,CA,前大P→下小P→CR下小P→下大P→中ジャスト→弱ジャスト→大フラ→SA3,5226,0,1
前大P,カウンター,3,CA,前大PTC→CR立ち大P→弱ジャスト→J中P→エアフラ→SA3,5136,0,2
前大P,パニッシュ,3,CA,前大P→下大P→中ジャスト→DR→立ち大P→CR引き大P→弱ジャスト→大フラ→SA3,6176,0,1
前大P,パニッシュ,3,CA,前大P→下大P→弱ジャスト→DR→立ち大P→CR立ち大P→大ジャスト→SA3,5801,0,2
前大P,ノーマル,4,0,前大PTC→CR立ち大P→CR引き大P→中ジャスト→弱ジャスト→大フラ,3200,0,1
前大P,ノーマル,4,0,前大PTC→CR立ち大P→CR引き大P→弱ジャスト→J中P→エアフラ→弱昇竜,3008,0,2
前大P,カウンター,4,0,前大PTC→CR立ち大P→CR引き大P→中ジャスト→弱ジャスト→大フラ,3360,0,1
前大P,カウンター,4,0,前大PTC→CR立ち大P→CR引き大P→弱ジャスト→J中P→エアフラ→弱昇竜,3168,0,2
前大P,パニッシュ,4,0,前大P→下大P→中ジャスト→DDT,4219,0,1
前大P,パニッシュ,4,0,前大P→下大P→中ジャスト→OD昇竜,3824,0,2
前大P,ノーマル,4,1,前大PTC→CR立ち大P→CR引き大P→中ジャスト→弱ジャスト→SA1,3630,0,1
前大P,ノーマル,4,1,前大PTC→CR立ち大P→CR引き大P→弱ジャスト→J中P→エアフラ→SA1,3536,0,2
前大P,カウンター,4,1,前大PTC→CR立ち大P→CR引き大P→中ジャスト→弱ジャスト→SA1,3790,0,1
前大P,カウンター,4,1,前大PTC→CR立ち大P→CR引き大P→弱ジャスト→J中P→エアフラ→SA1,3696,0,2
前大P,パニッシュ,4,1,前大P→下大P→中ジャスト→DR→立ち大P→CR引き大P→弱ジャスト→SA1,4316,0,1
前大P,パニッシュ,4,1,前大P→下大P→CR引き大P→下大P→CR引き大P→下大P→弱ジャスト→J中P→エアフラ→SA1,4195,0,2
前大P,ノーマル,4,2,前大PTC→CR立ち大P→CR引き大P→中ジャスト→SA2,3862,0,1
前大P,ノーマル,4,2,前大PTC→CR立ち大P→CR引き大P→弱ジャスト→J中P→エアフラ→SA2,4056,0,2
前大P,カウンター,4,2,前大PTC→CR立ち大P→CR引き大P→中ジャスト→SA2,4022,0,1
前大P,カウンター,4,2,前大PTC→CR立ち大P→CR引き大P→弱ジャスト→J中P→エアフラ→SA2,4216,0,2
前大P,パニッシュ,4,2,前大P→下大P→中ジャスト→ODチェイサー→SA2,4800,0,1
前大P,パニッシュ,4,2,前大P→下大P→CR引き大P→下大P→CR引き大P→下大P→弱ジャスト→J中P→エアフラ→SA2,4715,0,2
前大P,ノーマル,4,3,前大PTC→CR立ち大P→CR引き大P→中ジャスト→弱ジャスト→大フラ→SA3,5200,0,1
前大P,ノーマル,4,3,前大PTC→CR立ち大P→CR立ち大P→大ジャスト→SA3,4952,0,2
前大P,カウンター,4,3,前大PTC→CR立ち大P→CR引き大P→中ジャスト→弱ジャスト→大フラ→SA3,5360,0,1
前大P,カウンター,4,3,前大PTC→CR立ち大P→CR立ち大P→大ジャスト→SA3,5112,0,2
前大P,パニッシュ,4,3,前大P→下大P→中ジャスト→DR→立ち大P→CR引き大P→弱ジャスト→大フラ→SA3,5926,0,1
前大P,パニッシュ,4,3,前大P→下大P→CR引き大P→下大P→CR引き大P→下大P→弱ジャスト→J中P→エアフラ→SA3,5595,0,2
前大P,ノーマル,4,CA,前大PTC→CR立ち大P→CR引き大P→中ジャスト→弱ジャスト→大フラ→SA3,5450,0,1
前大P,ノーマル,4,CA,前大PTC→CR立ち大P→CR立ち大P→大ジャスト→SA3,5202,0,2
前大P,カウンター,4,CA,前大PTC→CR立ち大P→CR引き大P→中ジャスト→弱ジャスト→大フラ→SA3,5610,0,1
前大P,カウンター,4,CA,前大PTC→CR立ち大P→CR立ち大P→大ジャスト→SA3,5362,0,2
前大P,パニッシュ,4,CA,前大P→下大P→中ジャスト→DR→立ち大P→CR引き大P→弱ジャスト→大フラ→SA3,6176,0,1
前大P,パニッシュ,4,CA,前大P→下大P→CR引き大P→下大P→CR引き大P→下大P→弱ジャスト→J中P→エアフラ→SA3,5845,0,2
前大P,ノーマル,5,0,前大PTC→CR立ち大P→CR引き大P→中ジャスト→弱ジャスト→大フラ,3200,0,1
前大P,ノーマル,5,0,前大PTC→CR立ち大P→中ジャスト→OD昇竜,3020,0,2
前大P,カウンター,5,0,前大PTC→CR立ち大P→CR引き大P→中ジャスト→弱ジャスト→大フラ,3360,0,1
前大P,カウンター,5,0,前大PTC→CR立ち大P→中ジャスト→OD昇竜,3180,0,2
前大P,パニッシュ,5,0,前大P→下大P→中ジャスト→DDT,4219,0,1
前大P,パニッシュ,5,0,前大P→下大P→中ジャスト→OD昇竜,3824,0,2
前大P,ノーマル,5,1,前大PTC→CR立ち大P→CR引き大P→中ジャスト→弱ジャスト→SA1,3630,0,1
前大P,ノーマル,5,1,前大PTC→CR立ち大P→CR引き大P→弱ジャスト→J中P→エアフラ→SA1,3536,0,2
前大P,カウンター,5,1,前大PTC→CR立ち大P→CR引き大P→中ジャスト→弱ジャスト→SA1,3790,0,1
前大P,カウンター,5,1,前大PTC→CR立ち大P→CR引き大P→弱ジャスト→J中P→エアフラ→SA1,3696,0,2
前大P,パニッシュ,5,1,前大P→下大P→中ジャスト→DR→立ち大P→CR引き大P→CR引き大P→SA1,4541,0,1
前大P,パニッシュ,5,1,前大P→下大P→CR引き大P→下大P→CR引き大P→下大P→弱ジャスト→J中P→エアフラ→SA1,4195,0,2
前大P,ノーマル,5,2,前大PTC→CR立ち大P→CR引き大P→中ジャスト→SA2,3862,0,1
前大P,ノーマル,5,2,前大PTC→CR立ち大P→CR引き大P→弱ジャスト→J中P→エアフラ→SA2,4056,0,2
前大P,カウンター,5,2,前大PTC→CR立ち大P→CR引き大P→中ジャスト→SA2,4022,0,1
前大P,カウンター,5,2,前大PTC→CR立ち大P→CR引き大P→弱ジャスト→J中P→エアフラ→SA2,4216,0,2
前大P,パニッシュ,5,2,前大P→下大P→中ジャスト→DR→立ち大P→CR引き大P→ODチェイサー→SA2,5057,0,1
前大P,パニッシュ,5,2,前大P→下大P→CR引き大P→下大P→CR引き大P→下大P→弱ジャスト→J中P→エアフラ→SA2,4715,0,2
前大P,ノーマル,5,3,前大PTC→CR立ち大P→CR引き大P→中ジャスト→弱ジャスト→大フラ→SA3,5200,0,1
前大P,ノーマル,5,3,前大PTC→CR立ち大P→CR立ち大P→大ジャスト→SA3,4952,0,2
前大P,カウンター,5,3,前大PTC→CR立ち大P→CR引き大P→中ジャスト→弱ジャスト→大フラ→SA3,5360,0,1
前大P,カウンター,5,3,前大PTC→CR立ち大P→CR立ち大P→大ジャスト→SA3,5112,0,2
前大P,パニッシュ,5,3,前大P→下大P→中ジャスト→DR→立ち大P→CR引き大P→CR引き大P→弱ジャスト→大フラ→SA3,6041,0,1
前大P,パニッシュ,5,3,前大P→下大P→弱ジャスト→DR→立ち大P→CR引き大P→CR立ち大P→大ジャスト,5655,0,2
前大P,ノーマル,5,CA,前大PTC→CR立ち大P→CR引き大P→中ジャスト→弱ジャスト→大フラ→SA3,5450,0,1
前大P,ノーマル,5,CA,前大PTC→CR立ち大P→CR立ち大P→大ジャスト→SA3,5202,0,2
前大P,カウンター,5,CA,前大PTC→CR立ち大P→CR引き大P→中ジャスト→弱ジャスト→大フラ→SA3,5610,0,1
前大P,カウンター,5,CA,前大PTC→CR立ち大P→CR立ち大P→大ジャスト→SA3,5362,0,2
前大P,パニッシュ,5,CA,前大P→下大P→中ジャスト→DR→立ち大P→CR引き大P→CR引き大P→弱ジャスト→大フラ→SA3,6291,0,1
前大P,パニッシュ,5,CA,前大P→下大P→弱ジャスト→DR→立ち大P→CR引き大P→CR立ち大P→大ジャスト,5905,0,2
前大P,ノーマル,6,0,前大PTC→CR立ち大P→CR引き大P→中ジャスト→弱ジャスト→大フラ,3200,0,1
前大P,ノーマル,6,0,前大PTC→CR立ち大P→中ジャスト→OD昇竜,3263,0,2
前大P,カウンター,6,0,前大PTC→CR立ち大P→CR引き大P→中ジャスト→弱ジャスト→大フラ,3360,0,1
前大P,カウンター,6,0,前大PTC→CR立ち大P→中ジャスト→OD昇竜,3423,0,2
前大P,パニッシュ,6,0,前大P→下大P→中ジャスト→DDT,4219,0,1
前大P,パニッシュ,6,0,前大P→下大P→中ジャスト→OD昇竜,3824,0,2
前大P,ノーマル,6,1,前大PTC→CR立ち大P→CR引き大P→中ジャスト→弱ジャスト→SA1,3630,0,1
前大P,ノーマル,6,1,前大PTC→CR立ち大P→CR引き大P→弱ジャスト→J中P→エアフラ→SA1,3536,0,2
前大P,カウンター,6,1,前大PTC→CR立ち大P→CR引き大P→中ジャスト→弱ジャスト→SA1,3790,0,1
前大P,カウンター,6,1,前大PTC→CR立ち大P→CR引き大P→弱ジャスト→J中P→エアフラ→SA1,3696,0,2
前大P,パニッシュ,6,1,前大P→下大P→中ジャスト→DR→立ち大P→CR引き大P→CR引き大P→SA1,4541,0,1
前大P,パニッシュ,6,1,前大P→下大P→CR引き大P→下大P→CR引き大P→下大P→弱ジャスト→J中P→エアフラ→SA1,4195,0,2
前大P,ノーマル,6,2,前大PTC→CR立ち大P→CR引き大P→中ジャスト→SA2,3862,0,1
前大P,ノーマル,6,2,前大PTC→CR立ち大P→CR引き大P→弱ジャスト→J中P→エアフラ→SA2,4056,0,2
前大P,カウンター,6,2,前大PTC→CR立ち大P→CR引き大P→中ジャスト→SA2,4022,0,1
前大P,カウンター,6,2,前大PTC→CR立ち大P→CR引き大P→弱ジャスト→J中P→エアフラ→SA2,4216,0,2
前大P,パニッシュ,6,2,前大P→下大P→中ジャスト→DR→立ち大P→CR引き大P→ODチェイサー→SA2,5057,0,1
前大P,パニッシュ,6,2,前大P→下大P→CR引き大P→下大P→CR引き大P→下大P→弱ジャスト→J中P→エアフラ→SA2,4715,0,2
前大P,ノーマル,6,3,前大PTC→CR立ち大P→CR引き大P→中ジャスト→弱ジャスト→大フラ→SA3,5200,0,1
前大P,ノーマル,6,3,前大PTC→CR立ち大P→CR立ち大P→大ジャスト→SA3,4952,0,2
前大P,カウンター,6,3,前大PTC→CR立ち大P→CR引き大P→中ジャスト→弱ジャスト→大フラ→SA3,5360,0,1
前大P,カウンター,6,3,前大PTC→CR立ち大P→CR立ち大P→大ジャスト→SA3,5112,0,2
前大P,パニッシュ,6,3,前大P→下大P→中ジャスト→DR→立ち大P→CR引き大P→CR引き大P→弱ジャスト→大フラ→SA3,6041,0,1
前大P,パニッシュ,6,3,前大P→下大P→弱ジャスト→DR→立ち大P→CR引き大P→CR立ち大P→大ジャスト,5655,0,2
前大P,ノーマル,6,CA,前大PTC→CR立ち大P→CR引き大P→中ジャスト→弱ジャスト→大フラ→SA3,5450,0,1
前大P,ノーマル,6,CA,前大PTC→CR立ち大P→CR立ち大P→大ジャスト→SA3,5202,0,2
前大P,カウンター,6,CA,前大PTC→CR立ち大P→CR引き大P→中ジャスト→弱ジャスト→大フラ→SA3,5610,0,1
前大P,カウンター,6,CA,前大PTC→CR立ち大P→CR立ち大P→大ジャスト→SA3,5362,0,2
前大P,パニッシュ,6,CA,前大P→下大P→中ジャスト→DR→立ち大P→CR引き大P→CR引き大P→弱ジャスト→大フラ→SA3,6291,0,1
前大P,パニッシュ,6,CA,前大P→下大P→弱ジャスト→DR→立ち大P→CR引き大P→CR立ち大P→大ジャスト,5905,0,2
,,,,,,,
下小K,ノーマル,0,0,下小K→下小P→強昇竜,1280,0,0
下小K,カウンター,0,0,下小K→下小P→強昇竜,1320,0,0
下小K,パニッシュ,0,0,下小K→下小P→強昇竜,1320,0,0
下小K,ノーマル,0,1,下小K→下小P→下小P→SA1,1850,0,0
下小K,カウンター,0,1,下小K→下小P→下小P→SA1,1890,0,0
下小K,パニッシュ,0,1,下小K→下小P→下小P→SA1,1890,0,0
下小K,ノーマル,0,2,下小K→下小P→SA2,2400,0,0
下小K,カウンター,0,2,下小K→下小P→SA2,2440,0,0
下小K,パニッシュ,0,2,下小K→下小P→SA2,2440,0,0
下小K,ノーマル,0,3,下小K→下小P→SA3,3240,0,0
下小K,カウンター,0,3,下小K→下小P→SA3,3280,0,0
下小K,パニッシュ,0,3,下小K→下小P→SA3,3280,0,0
下小K,ノーマル,0,CA,下小K→下小P→SA3,3490,0,0
下小K,カウンター,0,CA,下小K→下小P→SA3,3530,0,0
下小K,パニッシュ,0,CA,下小K→下小P→SA3,3530,0,0
下小K,ノーマル,1,0,下小K→下小P→CR下小P→下大P→中ジャスト→弱ジャスト→大フラ,1808,0,1
下小K,ノーマル,1,0,下小K→下小P→CR→下小P→下大P→弱ジャスト→J中P→エアフラ→弱昇竜,1652,0,2
下小K,カウンター,1,0,下小K→下小P→CR下小P→下大P→中ジャスト→弱ジャスト→大フラ,1848,0,1
下小K,カウンター,1,0,下小K→下小P→CR→下小P→下大P→弱ジャスト→J中P→エアフラ→弱昇竜,1692,0,2
下小K,パニッシュ,1,0,下小K→下小P→CR下小P→下大P→中ジャスト→弱ジャスト→大フラ,1848,0,1
下小K,パニッシュ,1,0,下小K→下小P→CR→下小P→下大P→弱ジャスト→J中P→エアフラ→弱昇竜,1692,0,2
下小K,ノーマル,1,1,下小K→下小P→CR→下小P→下大P→中ジャスト→弱ジャスト→SA1,2288,0,1
下小K,ノーマル,1,1,下小K→下小P→CR下小P→下大P→弱ジャスト→J中P→エアフラ→SA1,2180,0,2
下小K,カウンター,1,1,下小K→下小P→CR→下小P→下大P→中ジャスト→弱ジャスト→SA1,2328,0,1
下小K,カウンター,1,1,下小K→下小P→CR下小P→下大P→弱ジャスト→J中P→エアフラ→SA1,2220,0,2
下小K,パニッシュ,1,1,下小K→下小P→CR下小P→下大P→中ジャスト→弱ジャスト→SA1,2328,0,1
下小K,パニッシュ,1,1,下小K→下小P→CR下小P→下大P→弱ジャスト→J中P→エアフラ→SA1,2220,0,2
下小K,ノーマル,1,2,下小K→下小P→CR下小P→下大P→中ジャスト→前ステSA2,2563,0,1
下小K,ノーマル,1,2,下小K→下小P→CR下小P→下大P→弱ジャスト→J中P→エアフラ→SA2,2700,0,2
下小K,カウンター,1,2,下小K→下小P→CR下小P→下大P→中ジャスト→前ステSA2,2603,0,1
下小K,カウンター,1,2,下小K→下小P→CR下小P→下大P→弱ジャスト→J中P→エアフラ→SA2,2740,0,2
下小K,パニッシュ,1,2,下小K→下小P→CR下小P→下大P→中ジャスト→前ステSA2,2603,0,1
下小K,パニッシュ,1,2,下小K→下小P→CR下小P→下大P→弱ジャスト→J中P→エアフラ→SA2,2740,0,2
下小K,ノーマル,1,3,下小K→下小P→CR下小P→下大P→中ジャスト→弱ジャスト→大フラ→SA3,3808,0,1
下小K,ノーマル,1,3,下小K→下小P→CR下小P→下大P→弱ジャスト→J中P→エアフラ→SA3,3580,0,2
下小K,カウンター,1,3,下小K→下小P→CR下小P→下大P→中ジャスト→弱ジャスト→大フラ→SA3,3848,0,1
下小K,カウンター,1,3,下小K→下小P→CR下小P→下大P→弱ジャスト→J中P→エアフラ→SA3,3620,0,2
下小K,パニッシュ,1,3,下小K→下小P→CR下小P→下大P→中ジャスト→弱ジャスト→大フラ→SA3,3848,0,1
下小K,パニッシュ,1,3,下小K→下小P→CR下小P→下大P→弱ジャスト→J中P→エアフラ→SA3,3620,0,2
下小K,ノーマル,1,CA,下小K→下小P→CR下小P→下大P→中ジャスト→弱ジャスト→大フラ→SA3,4058,0,1
下小K,ノーマル,1,CA,下小K→下小P→CR下小P→下大P→弱ジャスト→J中P→エアフラ→SA3,3830,0,2
下小K,カウンター,1,CA,下小K→下小P→CR下小P→下大P→中ジャスト→弱ジャスト→大フラ→SA3,4098,0,1
下小K,カウンター,1,CA,下小K→下小P→CR下小P→下大P→弱ジャスト→J中P→エアフラ→SA3,3870,0,2
下小K,パニッシュ,1,CA,下小K→下小P→CR下小P→下大P→中ジャスト→弱ジャスト→大フラ→SA3,4098,0,1
下小K,パニッシュ,1,CA,下小K→下小P→CR下小P→下大P→弱ジャスト→J中P→エアフラ→SA3,3870,0,2
下小K,ノーマル,2,0,下小K→下小P→CR下小P→下大P→中ジャスト→弱ジャスト→大フラ,1808,0,1
下小K,ノーマル,2,0,下小K→下小P→CR→下小P→下大P→弱ジャスト→J中P→エアフラ→弱昇竜,1652,0,2
下小K,カウンター,2,0,下小K→下小P→CR下小P→下大P→中ジャスト→弱ジャスト→大フラ,1848,0,1
下小K,カウンター,2,0,下小K→下小P→CR→下小P→下大P→弱ジャスト→J中P→エアフラ→弱昇竜,1692,0,2
下小K,パニッシュ,2,0,下小K→下小P→CR下小P→下大P→中ジャスト→弱ジャスト→大フラ,1848,0,1
下小K,パニッシュ,2,0,下小K→下小P→CR→下小P→下大P→弱ジャスト→J中P→エアフラ→弱昇竜,1692,0,2
下小K,ノーマル,2,1,下小K→下小P→CR→下小P→下大P→中ジャスト→弱ジャスト→SA1,2288,0,1
下小K,ノーマル,2,1,下小K→下小P→CR下小P→下大P→弱ジャスト→J中P→エアフラ→SA1,2180,0,2
下小K,カウンター,2,1,下小K→下小P→CR→下小P→下大P→中ジャスト→弱ジャスト→SA1,2328,0,1
下小K,カウンター,2,1,下小K→下小P→CR下小P→下大P→弱ジャスト→J中P→エアフラ→SA1,2220,0,2
下小K,パニッシュ,2,1,下小K→下小P→CR下小P→下大P→中ジャスト→弱ジャスト→SA1,2328,0,1
下小K,パニッシュ,2,1,下小K→下小P→CR下小P→下大P→弱ジャスト→J中P→エアフラ→SA1,2220,0,2
下小K,ノーマル,2,2,下小K→下小P→CR下小P→下大P→中ジャスト→前ステSA2,2563,0,1
下小K,ノーマル,2,2,下小K→下小P→CR下小P→下大P→弱ジャスト→J中P→エアフラ→SA2,2700,0,2
下小K,カウンター,2,2,下小K→下小P→CR下小P→下大P→中ジャスト→前ステSA2,2603,0,1
下小K,カウンター,2,2,下小K→下小P→CR下小P→下大P→弱ジャスト→J中P→エアフラ→SA2,2740,0,2
下小K,パニッシュ,2,2,下小K→下小P→CR下小P→下大P→中ジャスト→前ステSA2,2603,0,1
下小K,パニッシュ,2,2,下小K→下小P→CR下小P→下大P→弱ジャスト→J中P→エアフラ→SA2,2740,0,2
下小K,ノーマル,2,3,下小K→下小P→CR下小P→下大P→中ジャスト→弱ジャスト→大フラ→SA3,3808,0,1
下小K,ノーマル,2,3,下小K→下小P→CR下小P→下大P→弱ジャスト→J中P→エアフラ→SA3,3580,0,2
下小K,カウンター,2,3,下小K→下小P→CR下小P→下大P→中ジャスト→弱ジャスト→大フラ→SA3,3848,0,1
下小K,カウンター,2,3,下小K→下小P→CR下小P→下大P→弱ジャスト→J中P→エアフラ→SA3,3620,0,2
下小K,パニッシュ,2,3,下小K→下小P→CR下小P→下大P→中ジャスト→弱ジャスト→大フラ→SA3,3848,0,1
下小K,パニッシュ,2,3,下小K→下小P→CR下小P→下大P→弱ジャスト→J中P→エアフラ→SA3,3620,0,2
下小K,ノーマル,2,CA,下小K→下小P→CR下小P→下大P→中ジャスト→弱ジャスト→大フラ→SA3,4058,0,1
下小K,ノーマル,2,CA,下小K→下小P→CR下小P→下大P→弱ジャスト→J中P→エアフラ→SA3,3830,0,2
下小K,カウンター,2,CA,下小K→下小P→CR下小P→下大P→中ジャスト→弱ジャスト→大フラ→SA3,4098,0,1
下小K,カウンター,2,CA,下小K→下小P→CR下小P→下大P→弱ジャスト→J中P→エアフラ→SA3,3870,0,2
下小K,パニッシュ,2,CA,下小K→下小P→CR下小P→下大P→中ジャスト→弱ジャスト→大フラ→SA3,4098,0,1
下小K,パニッシュ,2,CA,下小K→下小P→CR下小P→下大P→弱ジャスト→J中P→エアフラ→SA3,3870,0,2
下小K,ノーマル,3,0,下小K→下小P→DDT,2220,0,0
下小K,カウンター,3,0,下小K→下小P→DDT,2260,0,0
下小K,パニッシュ,3,0,下小K→下小P→DDT,2260,0,0
下小K,ノーマル,3,1,下小K→下小P→CR→下小P→下大P→中ジャスト→弱ジャスト→SA1,2288,0,1
下小K,ノーマル,3,1,下小K→下小P→CR下小P→下大P→弱ジャスト→J中P→エアフラ→SA1,2180,0,2
下小K,カウンター,3,1,下小K→下小P→CR→下小P→下大P→中ジャスト→弱ジャスト→SA1,2328,0,1
下小K,カウンター,3,1,下小K→下小P→CR下小P→下大P→弱ジャスト→J中P→エアフラ→SA1,2220,0,2
下小K,パニッシュ,3,1,下小K→下小P→CR下小P→下大P→中ジャスト→弱ジャスト→SA1,2328,0,1
下小K,パニッシュ,3,1,下小K→下小P→CR下小P→下大P→弱ジャスト→J中P→エアフラ→SA1,2220,0,2
下小K,ノーマル,3,2,下小K→下小P→CR下小P→下大P→中ジャスト→前ステSA2,2563,0,1
下小K,ノーマル,3,2,下小K→下小P→CR下小P→下大P→弱ジャスト→J中P→エアフラ→SA2,2700,0,2
下小K,カウンター,3,2,下小K→下小P→CR下小P→下大P→中ジャスト→前ステSA2,2603,0,1
下小K,カウンター,3,2,下小K→下小P→CR下小P→下大P→弱ジャスト→J中P→エアフラ→SA2,2740,0,2
下小K,パニッシュ,3,2,下小K→下小P→CR下小P→下大P→中ジャスト→前ステSA2,2603,0,1
下小K,パニッシュ,3,2,下小K→下小P→CR下小P→下大P→弱ジャスト→J中P→エアフラ→SA2,2740,0,2
下小K,ノーマル,3,3,下小K→下小P→CR下小P→下大P→中ジャスト→弱ジャスト→大フラ→SA3,3808,0,1
下小K,ノーマル,3,3,下小K→下小P→CR下小P→下大P→弱ジャスト→J中P→エアフラ→SA3,3580,0,2
下小K,カウンター,3,3,下小K→下小P→CR下小P→下大P→中ジャスト→弱ジャスト→大フラ→SA3,3848,0,1
下小K,カウンター,3,3,下小K→下小P→CR下小P→下大P→弱ジャスト→J中P→エアフラ→SA3,3620,0,2
下小K,パニッシュ,3,3,下小K→下小P→CR下小P→下大P→中ジャスト→弱ジャスト→大フラ→SA3,3848,0,1
下小K,パニッシュ,3,3,下小K→下小P→CR下小P→下大P→弱ジャスト→J中P→エアフラ→SA3,3620,0,2
下小K,ノーマル,3,CA,下小K→下小P→CR下小P→下大P→中ジャスト→弱ジャスト→大フラ→SA3,4058,0,1
下小K,ノーマル,3,CA,下小K→下小P→CR下小P→下大P→弱ジャスト→J中P→エアフラ→SA3,3830,0,2
下小K,カウンター,3,CA,下小K→下小P→CR下小P→下大P→中ジャスト→弱ジャスト→大フラ→SA3,4098,0,1
下小K,カウンター,3,CA,下小K→下小P→CR下小P→下大P→弱ジャスト→J中P→エアフラ→SA3,3870,0,2
下小K,パニッシュ,3,CA,下小K→下小P→CR下小P→下大P→中ジャスト→弱ジャスト→大フラ→SA3,4098,0,1
下小K,パニッシュ,3,CA,下小K→下小P→CR下小P→下大P→弱ジャスト→J中P→エアフラ→SA3,3870,0,2
下小K,ノーマル,4,0,下小K→下小P→DDT,2220,0,0
下小K,カウンター,4,0,下小K→下小P→DDT,2260,0,0
下小K,パニッシュ,4,0,下小K→下小P→DDT,2260,0,0
下小K,ノーマル,4,1,下小K→下小P→CR下小P→下大P→中ジャスト→DR→立ち大P→弱ジャスト→SA1,2446,0,1
下小K,ノーマル,4,1,下小K→下小P→CR下小P→下大P→CR引き大P→下大P→弱ジャスト→J中P→エアフラ→SA1,2408,0,2
下小K,カウンター,4,1,下小K→下小P→CR下小P→下大P→中ジャスト→DR→立ち大P→弱ジャスト→SA1,2486,0,1
下小K,カウンター,4,1,下小K→下小P→CR下小P→下大P→CR引き大P→下大P→弱ジャスト→J中P→エアフラ→SA1,2448,0,2
下小K,パニッシュ,4,1,下小K→下小P→CR下小P→下大P→中ジャスト→DR→立ち大P→弱ジャスト→SA1,2486,0,1
下小K,パニッシュ,4,1,下小K→下小P→CR下小P→下大P→CR引き大P→下大P→弱ジャスト→J中P→エアフラ→SA1,2448,0,2
下小K,ノーマル,4,2,下小K→下小P→CR下小P→下大P→中ジャスト→DR→立ち大P→弱ジャスト→前ステSA2,2966,0,1
下小K,ノーマル,4,2,下小K→下小P→CR下小P→下大P→CR引き大P→下大P→弱ジャスト→J中P→エアフラ→SA2,2928,0,2
下小K,カウンター,4,2,下小K→下小P→CR下小P→下大P→中ジャスト→DR→立ち大P→弱ジャスト→前ステSA2,3006,0,1
下小K,カウンター,4,2,下小K→下小P→CR下小P→下大P→CR引き大P→下大P→弱ジャスト→J中P→エアフラ→SA2,2968,0,2
下小K,パニッシュ,4,2,下小K→下小P→CR下小P→下大P→中ジャスト→DR→立ち大P→弱ジャスト→前ステSA2,3006,0,1
下小K,パニッシュ,4,2,下小K→下小P→CR下小P→下大P→CR引き大P→下大P→弱ジャスト→J中P→エアフラ→SA2,2968,0,2
下小K,ノーマル,4,3,下小K→下小P→CR下小P→下大P→中ジャスト→DR→立ち大P→大ジャスト→SA3,4011,0,1
下小K,ノーマル,4,3,下小K→下小P→CR下小P→下大P→CR引き大P→下大P→弱ジャスト→J中P→エアフラ→SA3,3808,0,2
下小K,カウンター,4,3,下小K→下小P→CR下小P→下大P→中ジャスト→DR→立ち大P→大ジャスト→SA3,4051,0,1
下小K,カウンター,4,3,下小K→下小P→CR下小P→下大P→CR引き大P→下大P→弱ジャスト→J中P→エアフラ→SA3,3848,0,2
下小K,パニッシュ,4,3,下小K→下小P→CR下小P→下大P→中ジャスト→DR→立ち大P→大ジャスト→SA3,4051,0,1
下小K,パニッシュ,4,3,下小K→下小P→CR下小P→下大P→CR引き大P→下大P→弱ジャスト→J中P→エアフラ→SA3,3848,0,2
下小K,ノーマル,4,CA,下小K→下小P→CR下小P→下大P→中ジャスト→DR→立ち大P→大ジャスト→SA3,4261,0,1
下小K,ノーマル,4,CA,下小K→下小P→CR下小P→下大P→CR引き大P→下大P→弱ジャスト→J中P→エアフラ→SA3,4058,0,2
下小K,カウンター,4,CA,下小K→下小P→CR下小P→下大P→中ジャスト→DR→立ち大P→大ジャスト→SA3,4301,0,1
下小K,カウンター,4,CA,下小K→下小P→CR下小P→下大P→CR引き大P→下大P→弱ジャスト→J中P→エアフラ→SA3,4098,0,2
下小K,パニッシュ,4,CA,下小K→下小P→CR下小P→下大P→中ジャスト→DR→立ち大P→大ジャスト→SA3,4301,0,1
下小K,パニッシュ,4,CA,下小K→下小P→CR下小P→下大P→CR引き大P→下大P→弱ジャスト→J中P→エアフラ→SA3,4098,0,2
下小K,ノーマル,5,0,下小K→下小P→DDT,2220,0,0
下小K,カウンター,5,0,下小K→下小P→DDT,2260,0,0
下小K,パニッシュ,5,0,下小K→下小P→DDT,2260,0,0
下小K,ノーマル,5,1,下小K→下小P→CR下小P→下大P→中ジャスト→DR→立ち大P→CR引き大P→弱ジャスト→SA1,2543,0,1
下小K,ノーマル,5,1,下小K→下小P→CR下小P→下大P→CR引き大P→下大P→弱ジャスト→J中P→エアフラ→SA1,2408,0,2
下小K,カウンター,5,1,下小K→下小P→CR下小P→下大P→中ジャスト→DR→立ち大P→CR引き大P→弱ジャスト→SA1,2583,0,1
下小K,カウンター,5,1,下小K→下小P→CR下小P→下大P→CR引き大P→下大P→弱ジャスト→J中P→エアフラ→SA1,2448,0,2
下小K,パニッシュ,5,1,下小K→下小P→CR下小P→下大P→中ジャスト→DR→立ち大P→CR引き大P→弱ジャスト→SA1,2583,0,1
下小K,パニッシュ,5,1,下小K→下小P→CR下小P→下大P→CR引き大P→下大P→弱ジャスト→J中P→エアフラ→SA1,2448,0,2
下小K,ノーマル,5,2,下小K→下小P→CR下小P→下大P→中ジャスト→DR→立ち大P→CR引き大P→弱ジャスト→SA2,3063,0,1
下小K,ノーマル,5,2,下小K→下小P→CR下小P→下大P→CR引き大P→下大P→弱ジャスト→J中P→エアフラ→SA2,2928,0,2
下小K,カウンター,5,2,下小K→下小P→CR下小P→下大P→中ジャスト→DR→立ち大P→CR引き大P→弱ジャスト→SA2,3103,0,1
下小K,カウンター,5,2,下小K→下小P→CR下小P→下大P→CR引き大P→下大P→弱ジャスト→J中P→エアフラ→SA2,2968,0,2
下小K,パニッシュ,5,2,下小K→下小P→CR下小P→下大P→中ジャスト→DR→立ち大P→CR引き大P→弱ジャスト→SA2,3103,0,1
下小K,パニッシュ,5,2,下小K→下小P→CR下小P→下大P→CR引き大P→下大P→弱ジャスト→J中P→エアフラ→SA2,2968,0,2
下小K,ノーマル,5,3,下小K→下小P→CR下小P→下大P→中ジャスト→DR→立ち大P→CR引き大P→弱ジャスト→大フラ→SA3,4023,0,1
下小K,ノーマル,5,3,下小K→下小P→CR下小P→下大P→CR引き大P→下大P→弱ジャスト→J中P→エアフラ→SA3,3808,0,2
下小K,カウンター,5,3,下小K→下小P→CR下小P→下大P→中ジャスト→DR→立ち大P→CR引き大P→弱ジャスト→大フラ→SA3,4063,0,1
下小K,カウンター,5,3,下小K→下小P→CR下小P→下大P→CR引き大P→下大P→弱ジャスト→J中P→エアフラ→SA3,3848,0,2
下小K,パニッシュ,5,3,下小K→下小P→CR下小P→下大P→中ジャスト→DR→立ち大P→CR引き大P→弱ジャスト→大フラ→SA3,4063,0,1
下小K,パニッシュ,5,3,下小K→下小P→CR下小P→下大P→CR引き大P→下大P→弱ジャスト→J中P→エアフラ→SA3,3848,0,2
下小K,ノーマル,5,CA,下小K→下小P→CR下小P→下大P→中ジャスト→DR→立ち大P→CR引き大P→弱ジャスト→大フラ→SA3,4273,0,1
下小K,ノーマル,5,CA,下小K→下小P→CR下小P→下大P→CR引き大P→下大P→弱ジャスト→J中P→エアフラ→SA3,4058,0,2
下小K,カウンター,5,CA,下小K→下小P→CR下小P→下大P→中ジャスト→DR→立ち大P→CR引き大P→弱ジャスト→大フラ→SA3,4313,0,1
下小K,カウンター,5,CA,下小K→下小P→CR下小P→下大P→CR引き大P→下大P→弱ジャスト→J中P→エアフラ→SA3,4098,0,2
下小K,パニッシュ,5,CA,下小K→下小P→CR下小P→下大P→中ジャスト→DR→立ち大P→CR引き大P→弱ジャスト→大フラ→SA3,4313,0,1
下小K,パニッシュ,5,CA,下小K→下小P→CR下小P→下大P→CR引き大P→下大P→弱ジャスト→J中P→エアフラ→SA3,4098,0,2
下小K,ノーマル,6,0,下小K→下小P→DDT,2220,0,0
下小K,カウンター,6,0,下小K→下小P→DDT,2260,0,0
下小K,パニッシュ,6,0,下小K→下小P→DDT,2260,0,0
下小K,ノーマル,6,1,下小K→下小P→CR下小P→下大P→中ジャスト→DR→立ち大P→CR引き大P→弱ジャスト→SA1,2543,0,1
下小K,ノーマル,6,1,下小K→下小P→CR下小P→下大P→CR引き大P→下大P→弱ジャスト→J中P→エアフラ→SA1,2408,0,2
下小K,カウンター,6,1,下小K→下小P→CR下小P→下大P→中ジャスト→DR→立ち大P→CR引き大P→弱ジャスト→SA1,2583,0,1
下小K,カウンター,6,1,下小K→下小P→CR下小P→下大P→CR引き大P→下大P→弱ジャスト→J中P→エアフラ→SA1,2448,0,2
下小K,パニッシュ,6,1,下小K→下小P→CR下小P→下大P→中ジャスト→DR→立ち大P→CR引き大P→弱ジャスト→SA1,2583,0,1
下小K,パニッシュ,6,1,下小K→下小P→CR下小P→下大P→CR引き大P→下大P→弱ジャスト→J中P→エアフラ→SA1,2448,0,2
下小K,ノーマル,6,2,下小K→下小P→CR下小P→下大P→中ジャスト→DR→立ち大P→CR引き大P→弱ジャスト→SA2,3063,0,1
下小K,ノーマル,6,2,下小K→下小P→CR下小P→下大P→CR引き大P→下大P→弱ジャスト→J中P→エアフラ→SA2,2928,0,2
下小K,カウンター,6,2,下小K→下小P→CR下小P→下大P→中ジャスト→DR→立ち大P→CR引き大P→弱ジャスト→SA2,3103,0,1
下小K,カウンター,6,2,下小K→下小P→CR下小P→下大P→CR引き大P→下大P→弱ジャスト→J中P→エアフラ→SA2,2968,0,2
下小K,パニッシュ,6,2,下小K→下小P→CR下小P→下大P→中ジャスト→DR→立ち大P→CR引き大P→弱ジャスト→SA2,3103,0,1
下小K,パニッシュ,6,2,下小K→下小P→CR下小P→下大P→CR引き大P→下大P→弱ジャスト→J中P→エアフラ→SA2,2968,0,2
下小K,ノーマル,6,3,下小K→下小P→CR下小P→下大P→中ジャスト→DR→立ち大P→CR引き大P→弱ジャスト→大フラ→SA3,4023,0,1
下小K,ノーマル,6,3,下小K→下小P→CR下小P→下大P→CR引き大P→下大P→弱ジャスト→J中P→エアフラ→SA3,3808,0,2
下小K,カウンター,6,3,下小K→下小P→CR下小P→下大P→中ジャスト→DR→立ち大P→CR引き大P→弱ジャスト→大フラ→SA3,4063,0,1
下小K,カウンター,6,3,下小K→下小P→CR下小P→下大P→CR引き大P→下大P→弱ジャスト→J中P→エアフラ→SA3,3848,0,2
下小K,パニッシュ,6,3,下小K→下小P→CR下小P→下大P→中ジャスト→DR→立ち大P→CR引き大P→弱ジャスト→大フラ→SA3,4063,0,1
下小K,パニッシュ,6,3,下小K→下小P→CR下小P→下大P→CR引き大P→下大P→弱ジャスト→J中P→エアフラ→SA3,3848,0,2
下小K,ノーマル,6,CA,下小K→下小P→CR下小P→下大P→中ジャスト→DR→立ち大P→CR引き大P→弱ジャスト→大フラ→SA3,4273,0,1
下小K,ノーマル,6,CA,下小K→下小P→CR下小P→下大P→CR引き大P→下大P→弱ジャスト→J中P→エアフラ→SA3,4058,0,2
下小K,カウンター,6,CA,下小K→下小P→CR下小P→下大P→中ジャスト→DR→立ち大P→CR引き大P→弱ジャスト→大フラ→SA3,4313,0,1
下小K,カウンター,6,CA,下小K→下小P→CR下小P→下大P→CR引き大P→下大P→弱ジャスト→J中P→エアフラ→SA3,4098,0,2
下小K,パニッシュ,6,CA,下小K→下小P→CR下小P→下大P→中ジャスト→DR→立ち大P→CR引き大P→弱ジャスト→大フラ→SA3,4313,0,1
下小K,パニッシュ,6,CA,下小K→下小P→CR下小P→下大P→CR引き大P→下大P→弱ジャスト→J中P→エアフラ→SA3,4098,0,2
,,,,,,,
引き大P,ノーマル,0,0,引き大P→大昇竜,2000,0,0
引き大P,カウンター,0,0,引き大P→弱ジャスト→大フラ,2520,0,1
引き大P,カウンター,0,0,引き大P→弱ジャスト→J中P→エアフラ→弱昇竜,3180,0,2
引き大P,パニッシュ,0,0,引き大P→下大P→中ジャスト→弱ジャスト→大フラ,3599,0,1
引き大P,パニッシュ,0,0,引き大P→下大P→弱ジャスト→下大P →エアフラ→弱昇竜,3430,0,2
引き大P,ノーマル,0,1,引き大P→SA1,2800,0,0
引き大P,カウンター,0,1,引き大P→弱ジャスト→SA1,3220,0,1
引き大P,カウンター,0,1,引き大P→弱ジャスト→J中P→エアフラ→SA1,3730,0,2
引き大P,パニッシュ,0,1,引き大P→下大P→中ジャスト→弱ジャスト→SA1,4049,0,1
引き大P,パニッシュ,0,1,引き大P→下大P→弱ジャスト→J中P→エアフラ→SA1,3815,0,2
引き大P,ノーマル,0,2,引き大P→SA2,3600,0,0
引き大P,カウンター,0,2,引き大P→SA2,3760,0,1
引き大P,カウンター,0,2,引き大P→弱ジャスト→J中P→エアフラ→SA2,4130,0,2
引き大P,パニッシュ,0,2,引き大P→下大P→中ジャスト→SA2,4404,0,0
引き大P,ノーマル,0,3,引き大P→SA3,4800,0,0
引き大P,カウンター,0,3,引き大P→SA3,4960,0,0
引き大P,パニッシュ,0,3,引き大P→下大P→中ジャスト→弱ジャスト→大フラ,5599,0,1
引き大P,パニッシュ,0,3,引き大P→下大P→弱ジャスト→J中P→エアフラ→SA3,5115,0,2
引き大P,ノーマル,0,CA,引き大P→SA3,5300,0,0
引き大P,カウンター,0,CA,引き大P→SA3,5460,0,0
引き大P,パニッシュ,0,CA,引き大P→下大P→中ジャスト→弱ジャスト→大フラ,5849,0,1
引き大P,パニッシュ,0,CA,引き大P→下大P→弱ジャスト→J中P→エアフラ→SA3,5365,0,2
引き大P,ノーマル,1,0,引き大P→CR引き大P→下大P→中ジャスト→弱ジャスト→大フラ,3316,0,1
引き大P,ノーマル,1,0,引き大P→CR引き大P→下大P→弱ジャスト→J中P→エアフラ→弱昇竜,3159,0,2
引き大P,カウンター,1,0,引き大P→CR引き大P→下大P→中ジャスト→弱ジャスト→大フラ,3476,0,1
引き大P,カウンター,1,0,引き大P→CR引き大P→下大P→弱ジャスト→J中P→エアフラ→弱昇竜,3319,0,2
引き大P,パニッシュ,1,0,引き大P→下大P→中ジャスト→DR→立ち大P→大ジャスト,3760,0,1
引き大P,パニッシュ,1,0,引き大P→下大P →CR引き大P→下大P →弱ジャスト→J中P→エアフラ→弱昇竜,3432,0,2
引き大P,ノーマル,1,1,引き大P→CR引き大P→下大P→中ジャスト→弱ジャスト→SA1,3626,0,1
引き大P,ノーマル,1,1,引き大P→CR引き大P→下大P→弱ジャスト→J中P→エアフラ→SA1,3570,0,2
引き大P,カウンター,1,1,引き大P→CR引き大P→下大P→中ジャスト→弱ジャスト→SA1,3786,0,1
引き大P,カウンター,1,1,引き大P→CR引き大P→下大P→弱ジャスト→J中P→エアフラ→SA1,3730,0,2
引き大P,パニッシュ,1,1,引き大P→下大P →中ジャスト→DR→立ち大P→弱ジャスト→SA1,4022,0,1
引き大P,パニッシュ,1,1,引き大P→下大P→CR引き大P→下大P →弱ジャスト→J中P→エアフラ→SA1,3960,0,2
引き大P,ノーマル,1,2,引き大P→CR引き大P→下大P →中ジャスト→前ステSA2,3916,0,1
引き大P,ノーマル,1,2,引き大P→CR引き大P→下大P →弱ジャスト→J中P→エアフラ→SA2,4090,0,2
引き大P,カウンター,1,2,引き大P→CR引き大P→下大P →中ジャスト→前ステSA2,4076,0,1
引き大P,カウンター,1,2,引き大P→CR引き大P→下大P →弱ジャスト→J中P→エアフラ→SA2,4250,0,2
引き大P,パニッシュ,1,2,引き大P→下大P →中ジャスト→ODチェイサー,4800,0,1
引き大P,パニッシュ,1,2,引き大P→下大P →CR引き大P→下大P→J中P→エアフラ→SA2,4480,0,2
引き大P,ノーマル,1,3,引き大P→CR引き大P→下大P →中ジャスト→弱ジャスト→大フラ→SA3,5316,0,1
引き大P,ノーマル,1,3,引き大P→CR引き大P→下大P →弱ジャスト→J中P→エアフラ→SA3,4970,0,2
引き大P,カウンター,1,3,引き大P→CR引き大P→下大P →中ジャスト→弱ジャスト→大フラ→SA3,5476,0,1
引き大P,カウンター,1,3,引き大P→CR引き大P→下大P →弱ジャスト→J中P→エアフラ→SA3,5130,0,2
引き大P,パニッシュ,1,3,引き大P→下大P →中ジャスト→DR→立ち大P→大ジャスト→SA3,5760,0,1
引き大P,パニッシュ,1,3,引き大P→下大P →CR→引き大P→下大P →弱ジャスト→J中P→エアフラ→SA3,5360,0,2
引き大P,ノーマル,1,CA,引き大P→CR引き大P→下大P →中ジャスト→弱ジャスト→大フラ→SA3,5566,0,1
引き大P,ノーマル,1,CA,引き大P→CR引き大P→下大P →弱ジャスト→J中P→エアフラ→SA3,5220,0,2
引き大P,カウンター,1,CA,引き大P→CR引き大P→下大P →中ジャスト→弱ジャスト→大フラ→SA3,5726,0,1
引き大P,カウンター,1,CA,引き大P→CR引き大P→下大P →弱ジャスト→J中P→エアフラ→SA3,5380,0,2
引き大P,パニッシュ,1,CA,引き大P→下大P →中ジャスト→DR→立ち大P→大ジャスト→SA3,6010,0,1
引き大P,パニッシュ,1,CA,引き大P→下大P →CR→引き大P→下大P →弱ジャスト→J中P→エアフラ→SA3,5610,0,2
引き大P,ノーマル,2,0,引き大P→CR引き大P→下大P→中ジャスト→弱ジャスト→大フラ,3316,0,1
引き大P,ノーマル,2,0,引き大P→CR引き大P→下大P→弱ジャスト→J中P→エアフラ→弱昇竜,3159,0,2
引き大P,カウンター,2,0,引き大P→CR引き大P→下大P→中ジャスト→弱ジャスト→大フラ,3476,0,1
引き大P,カウンター,2,0,引き大P→弱ジャスト→DR→立ち大P→CR立ち大P→大ジャスト,3372,0,2
引き大P,パニッシュ,2,0,引き大P→下大P →中ジャスト→DR→立ち大P→CR引き大P→弱ジャスト→大フラ,3926,0,1
引き大P,パニッシュ,2,0,引き大P→下大P →弱ジャスト→DR→立ち大P→CR立ち大P→大ジャスト,3551,0,2
引き大P,ノーマル,2,1,引き大P→CR引き大P→下大P→中ジャスト→弱ジャスト→SA1,3626,0,1
引き大P,ノーマル,2,1,引き大P→CR引き大P→下大P→弱ジャスト→J中P→エアフラ→SA1,3570,0,2
引き大P,カウンター,2,1,引き大P→CR引き大P→下大P→中ジャスト→弱ジャスト→SA1,3786,0,1
引き大P,カウンター,2,1,引き大P→CR引き大P→下大P→弱ジャスト→J中P→エアフラ→SA1,3730,0,2
引き大P,パニッシュ,2,1,引き大P→下大P →中ジャスト→DR→立ち大P→CR引き大P→弱ジャスト→SA1,4316,0,1
引き大P,パニッシュ,2,1,引き大P→下大P→CR引き大P→下大P →弱ジャスト→J中P→エアフラ→SA1,3960,0,2
引き大P,ノーマル,2,2,引き大P→CR引き大P→下大P →中ジャスト→前ステSA2,3916,0,1
引き大P,ノーマル,2,2,引き大P→CR引き大P→下大P →弱ジャスト→J中P→エアフラ→SA2,4090,0,2
引き大P,カウンター,2,2,引き大P→CR引き大P→下大P →中ジャスト→前ステSA2,4076,0,1
引き大P,カウンター,2,2,引き大P→CR引き大P→下大P →弱ジャスト→J中P→エアフラ→SA2,4250,0,2
引き大P,パニッシュ,2,2,引き大P→下大P →中ジャスト→ODチェイサー,4800,0,1
引き大P,パニッシュ,2,2,引き大P→下大P →CR引き大P→下大P→J中P→エアフラ→SA2,4480,0,2
引き大P,ノーマル,2,3,引き大P→CR引き大P→下大P →中ジャスト→弱ジャスト→大フラ→SA3,5316,0,1
引き大P,ノーマル,2,3,引き大P→CR引き大P→下大P →弱ジャスト→J中P→エアフラ→SA3,4970,0,2
引き大P,カウンター,2,3,引き大P→CR引き大P→下大P →中ジャスト→弱ジャスト→大フラ→SA3,5476,0,1
引き大P,カウンター,2,3,引き大P→CR引き大P→下大P →弱ジャスト→J中P→エアフラ→SA3,5130,0,2
引き大P,パニッシュ,2,3,引き大P→下大P→中ジャスト→DR→立ち大P→CR引き大P→弱ジャスト→大フラ→SA3,5926,0,1
引き大P,パニッシュ,2,3,引き大P→下大P→弱ジャスト→DR→立ち大P→CR立ち大P→大ジャスト→SA3,5551,0,2
引き大P,ノーマル,2,CA,引き大P→CR引き大P→下大P →中ジャスト→弱ジャスト→大フラ→SA3,5566,0,1
引き大P,ノーマル,2,CA,引き大P→CR引き大P→下大P →弱ジャスト→J中P→エアフラ→SA3,5220,0,2
引き大P,カウンター,2,CA,引き大P→CR引き大P→下大P →中ジャスト→弱ジャスト→大フラ→SA3,5726,0,1
引き大P,カウンター,2,CA,引き大P→CR引き大P→下大P →弱ジャスト→J中P→エアフラ→SA3,5380,0,2
引き大P,パニッシュ,2,CA,引き大P→下大P→中ジャスト→DR→立ち大P→CR引き大P→弱ジャスト→大フラ→SA3,6176,0,1
引き大P,パニッシュ,2,CA,引き大P→下大P→弱ジャスト→DR→立ち大P→CR立ち大P→大ジャスト→SA3,5801,0,2
